entity,collection,page,route,relationship
forming,materials,grade-1-titanium,/grades/grade-1-titanium/,related_to
welding,materials,grade-1-titanium,/grades/grade-1-titanium/,related_to
cnc-machining,materials,grade-1-titanium,/grades/grade-1-titanium/,related_to
milling,materials,grade-1-titanium,/grades/grade-1-titanium/,related_to
turning,materials,grade-1-titanium,/grades/grade-1-titanium/,related_to
chemical-processing,materials,grade-1-titanium,/grades/grade-1-titanium/,related_to
medical,materials,grade-1-titanium,/grades/grade-1-titanium/,related_to
marine,materials,grade-1-titanium,/grades/grade-1-titanium/,related_to
aerospace,materials,grade-1-titanium,/grades/grade-1-titanium/,related_to
architectural,materials,grade-1-titanium,/grades/grade-1-titanium/,related_to
ASTM B265,materials,grade-1-titanium,/grades/grade-1-titanium/,related_to
ASTM B348,materials,grade-1-titanium,/grades/grade-1-titanium/,related_to
ASTM B381,materials,grade-1-titanium,/grades/grade-1-titanium/,related_to
ISO 5832-2,materials,grade-1-titanium,/grades/grade-1-titanium/,related_to
anodizing,materials,grade-1-titanium,/grades/grade-1-titanium/,related_to
passivation,materials,grade-1-titanium,/grades/grade-1-titanium/,related_to
polishing,materials,grade-1-titanium,/grades/grade-1-titanium/,related_to
AS9100D,materials,grade-1-titanium,/grades/grade-1-titanium/,related_to
ISO 9001,materials,grade-1-titanium,/grades/grade-1-titanium/,related_to
PED,materials,grade-1-titanium,/grades/grade-1-titanium/,related_to
forming,materials,grade-11-titanium,/grades/grade-11-titanium/,related_to
welding,materials,grade-11-titanium,/grades/grade-11-titanium/,related_to
cnc-machining,materials,grade-11-titanium,/grades/grade-11-titanium/,related_to
chemical-processing,materials,grade-11-titanium,/grades/grade-11-titanium/,related_to
oil-and-gas,materials,grade-11-titanium,/grades/grade-11-titanium/,related_to
marine,materials,grade-11-titanium,/grades/grade-11-titanium/,related_to
ASTM B265,materials,grade-11-titanium,/grades/grade-11-titanium/,related_to
ASTM B348,materials,grade-11-titanium,/grades/grade-11-titanium/,related_to
ASTM B381,materials,grade-11-titanium,/grades/grade-11-titanium/,related_to
passivation,materials,grade-11-titanium,/grades/grade-11-titanium/,related_to
anodizing,materials,grade-11-titanium,/grades/grade-11-titanium/,related_to
ASME BPV Code,materials,grade-11-titanium,/grades/grade-11-titanium/,related_to
ISO 9001,materials,grade-11-titanium,/grades/grade-11-titanium/,related_to
cnc-machining,materials,grade-12-titanium,/grades/grade-12-titanium/,related_to
milling,materials,grade-12-titanium,/grades/grade-12-titanium/,related_to
turning,materials,grade-12-titanium,/grades/grade-12-titanium/,related_to
welding,materials,grade-12-titanium,/grades/grade-12-titanium/,related_to
forming,materials,grade-12-titanium,/grades/grade-12-titanium/,related_to
chemical-processing,materials,grade-12-titanium,/grades/grade-12-titanium/,related_to
oil-and-gas,materials,grade-12-titanium,/grades/grade-12-titanium/,related_to
marine,materials,grade-12-titanium,/grades/grade-12-titanium/,related_to
energy,materials,grade-12-titanium,/grades/grade-12-titanium/,related_to
ASTM B265,materials,grade-12-titanium,/grades/grade-12-titanium/,related_to
ASTM B348,materials,grade-12-titanium,/grades/grade-12-titanium/,related_to
ASME SB265,materials,grade-12-titanium,/grades/grade-12-titanium/,related_to
passivation,materials,grade-12-titanium,/grades/grade-12-titanium/,related_to
anodizing,materials,grade-12-titanium,/grades/grade-12-titanium/,related_to
ASME BPV Code,materials,grade-12-titanium,/grades/grade-12-titanium/,related_to
NACE MR0175,materials,grade-12-titanium,/grades/grade-12-titanium/,related_to
ISO 9001,materials,grade-12-titanium,/grades/grade-12-titanium/,related_to
cnc-machining,materials,grade-2-titanium,/grades/grade-2-titanium/,related_to
milling,materials,grade-2-titanium,/grades/grade-2-titanium/,related_to
turning,materials,grade-2-titanium,/grades/grade-2-titanium/,related_to
wire-edm,materials,grade-2-titanium,/grades/grade-2-titanium/,related_to
forming,materials,grade-2-titanium,/grades/grade-2-titanium/,related_to
welding,materials,grade-2-titanium,/grades/grade-2-titanium/,related_to
aerospace,materials,grade-2-titanium,/grades/grade-2-titanium/,related_to
chemical-processing,materials,grade-2-titanium,/grades/grade-2-titanium/,related_to
marine,materials,grade-2-titanium,/grades/grade-2-titanium/,related_to
industrial,materials,grade-2-titanium,/grades/grade-2-titanium/,related_to
energy,materials,grade-2-titanium,/grades/grade-2-titanium/,related_to
ASTM B265,materials,grade-2-titanium,/grades/grade-2-titanium/,related_to
ASTM B348,materials,grade-2-titanium,/grades/grade-2-titanium/,related_to
ASTM B381,materials,grade-2-titanium,/grades/grade-2-titanium/,related_to
anodizing,materials,grade-2-titanium,/grades/grade-2-titanium/,related_to
passivation,materials,grade-2-titanium,/grades/grade-2-titanium/,related_to
polishing,materials,grade-2-titanium,/grades/grade-2-titanium/,related_to
AS9100D,materials,grade-2-titanium,/grades/grade-2-titanium/,related_to
ISO 9001,materials,grade-2-titanium,/grades/grade-2-titanium/,related_to
PED,materials,grade-2-titanium,/grades/grade-2-titanium/,related_to
cnc-machining,materials,grade-23-titanium,/grades/grade-23-titanium/,related_to
5-axis-machining,materials,grade-23-titanium,/grades/grade-23-titanium/,related_to
milling,materials,grade-23-titanium,/grades/grade-23-titanium/,related_to
turning,materials,grade-23-titanium,/grades/grade-23-titanium/,related_to
wire-edm,materials,grade-23-titanium,/grades/grade-23-titanium/,related_to
additive-manufacturing,materials,grade-23-titanium,/grades/grade-23-titanium/,related_to
medical,materials,grade-23-titanium,/grades/grade-23-titanium/,related_to
aerospace,materials,grade-23-titanium,/grades/grade-23-titanium/,related_to
semiconductor,materials,grade-23-titanium,/grades/grade-23-titanium/,related_to
ASTM F136,materials,grade-23-titanium,/grades/grade-23-titanium/,related_to
ASTM B348,materials,grade-23-titanium,/grades/grade-23-titanium/,related_to
ASTM B265,materials,grade-23-titanium,/grades/grade-23-titanium/,related_to
ISO 5832-3,materials,grade-23-titanium,/grades/grade-23-titanium/,related_to
anodizing,materials,grade-23-titanium,/grades/grade-23-titanium/,related_to
electropolishing,materials,grade-23-titanium,/grades/grade-23-titanium/,related_to
passivation,materials,grade-23-titanium,/grades/grade-23-titanium/,related_to
polishing,materials,grade-23-titanium,/grades/grade-23-titanium/,related_to
bead-blasting,materials,grade-23-titanium,/grades/grade-23-titanium/,related_to
ISO 13485,materials,grade-23-titanium,/grades/grade-23-titanium/,related_to
AS9100D,materials,grade-23-titanium,/grades/grade-23-titanium/,related_to
NADCAP,materials,grade-23-titanium,/grades/grade-23-titanium/,related_to
FDA 21 CFR 820,materials,grade-23-titanium,/grades/grade-23-titanium/,related_to
cnc-machining,materials,grade-3-titanium,/grades/grade-3-titanium/,related_to
milling,materials,grade-3-titanium,/grades/grade-3-titanium/,related_to
turning,materials,grade-3-titanium,/grades/grade-3-titanium/,related_to
forming,materials,grade-3-titanium,/grades/grade-3-titanium/,related_to
welding,materials,grade-3-titanium,/grades/grade-3-titanium/,related_to
chemical-processing,materials,grade-3-titanium,/grades/grade-3-titanium/,related_to
marine,materials,grade-3-titanium,/grades/grade-3-titanium/,related_to
industrial,materials,grade-3-titanium,/grades/grade-3-titanium/,related_to
energy,materials,grade-3-titanium,/grades/grade-3-titanium/,related_to
aerospace,materials,grade-3-titanium,/grades/grade-3-titanium/,related_to
ASTM B265,materials,grade-3-titanium,/grades/grade-3-titanium/,related_to
ASTM B348,materials,grade-3-titanium,/grades/grade-3-titanium/,related_to
ASTM B381,materials,grade-3-titanium,/grades/grade-3-titanium/,related_to
anodizing,materials,grade-3-titanium,/grades/grade-3-titanium/,related_to
passivation,materials,grade-3-titanium,/grades/grade-3-titanium/,related_to
polishing,materials,grade-3-titanium,/grades/grade-3-titanium/,related_to
AS9100D,materials,grade-3-titanium,/grades/grade-3-titanium/,related_to
ISO 9001,materials,grade-3-titanium,/grades/grade-3-titanium/,related_to
cnc-machining,materials,grade-4-titanium,/grades/grade-4-titanium/,related_to
milling,materials,grade-4-titanium,/grades/grade-4-titanium/,related_to
turning,materials,grade-4-titanium,/grades/grade-4-titanium/,related_to
forming,materials,grade-4-titanium,/grades/grade-4-titanium/,related_to
welding,materials,grade-4-titanium,/grades/grade-4-titanium/,related_to
medical,materials,grade-4-titanium,/grades/grade-4-titanium/,related_to
chemical-processing,materials,grade-4-titanium,/grades/grade-4-titanium/,related_to
aerospace,materials,grade-4-titanium,/grades/grade-4-titanium/,related_to
industrial,materials,grade-4-titanium,/grades/grade-4-titanium/,related_to
marine,materials,grade-4-titanium,/grades/grade-4-titanium/,related_to
ASTM B265,materials,grade-4-titanium,/grades/grade-4-titanium/,related_to
ASTM B348,materials,grade-4-titanium,/grades/grade-4-titanium/,related_to
ASTM B381,materials,grade-4-titanium,/grades/grade-4-titanium/,related_to
ASTM F67,materials,grade-4-titanium,/grades/grade-4-titanium/,related_to
anodizing,materials,grade-4-titanium,/grades/grade-4-titanium/,related_to
passivation,materials,grade-4-titanium,/grades/grade-4-titanium/,related_to
polishing,materials,grade-4-titanium,/grades/grade-4-titanium/,related_to
AS9100D,materials,grade-4-titanium,/grades/grade-4-titanium/,related_to
ISO 9001,materials,grade-4-titanium,/grades/grade-4-titanium/,related_to
ISO 13485,materials,grade-4-titanium,/grades/grade-4-titanium/,related_to
cnc-machining,materials,grade-5-titanium,/grades/grade-5-titanium/,related_to
5-axis-machining,materials,grade-5-titanium,/grades/grade-5-titanium/,related_to
milling,materials,grade-5-titanium,/grades/grade-5-titanium/,related_to
turning,materials,grade-5-titanium,/grades/grade-5-titanium/,related_to
wire-edm,materials,grade-5-titanium,/grades/grade-5-titanium/,related_to
additive-manufacturing,materials,grade-5-titanium,/grades/grade-5-titanium/,related_to
welding,materials,grade-5-titanium,/grades/grade-5-titanium/,related_to
aerospace,materials,grade-5-titanium,/grades/grade-5-titanium/,related_to
medical,materials,grade-5-titanium,/grades/grade-5-titanium/,related_to
semiconductor,materials,grade-5-titanium,/grades/grade-5-titanium/,related_to
robotics,materials,grade-5-titanium,/grades/grade-5-titanium/,related_to
energy,materials,grade-5-titanium,/grades/grade-5-titanium/,related_to
automotive,materials,grade-5-titanium,/grades/grade-5-titanium/,related_to
ASTM B265,materials,grade-5-titanium,/grades/grade-5-titanium/,related_to
ASTM B348,materials,grade-5-titanium,/grades/grade-5-titanium/,related_to
ASTM F136,materials,grade-5-titanium,/grades/grade-5-titanium/,related_to
AMS 4911,materials,grade-5-titanium,/grades/grade-5-titanium/,related_to
AMS 4928,materials,grade-5-titanium,/grades/grade-5-titanium/,related_to
anodizing,materials,grade-5-titanium,/grades/grade-5-titanium/,related_to
bead-blasting,materials,grade-5-titanium,/grades/grade-5-titanium/,related_to
passivation,materials,grade-5-titanium,/grades/grade-5-titanium/,related_to
polishing,materials,grade-5-titanium,/grades/grade-5-titanium/,related_to
AS9100D,materials,grade-5-titanium,/grades/grade-5-titanium/,related_to
ISO 13485,materials,grade-5-titanium,/grades/grade-5-titanium/,related_to
NADCAP,materials,grade-5-titanium,/grades/grade-5-titanium/,related_to
forming,materials,grade-7-titanium,/grades/grade-7-titanium/,related_to
welding,materials,grade-7-titanium,/grades/grade-7-titanium/,related_to
cnc-machining,materials,grade-7-titanium,/grades/grade-7-titanium/,related_to
milling,materials,grade-7-titanium,/grades/grade-7-titanium/,related_to
turning,materials,grade-7-titanium,/grades/grade-7-titanium/,related_to
chemical-processing,materials,grade-7-titanium,/grades/grade-7-titanium/,related_to
oil-and-gas,materials,grade-7-titanium,/grades/grade-7-titanium/,related_to
marine,materials,grade-7-titanium,/grades/grade-7-titanium/,related_to
energy,materials,grade-7-titanium,/grades/grade-7-titanium/,related_to
ASTM B265,materials,grade-7-titanium,/grades/grade-7-titanium/,related_to
ASTM B348,materials,grade-7-titanium,/grades/grade-7-titanium/,related_to
ASTM B381,materials,grade-7-titanium,/grades/grade-7-titanium/,related_to
passivation,materials,grade-7-titanium,/grades/grade-7-titanium/,related_to
anodizing,materials,grade-7-titanium,/grades/grade-7-titanium/,related_to
ASME BPV Code,materials,grade-7-titanium,/grades/grade-7-titanium/,related_to
NACE MR0175,materials,grade-7-titanium,/grades/grade-7-titanium/,related_to
ISO 9001,materials,grade-7-titanium,/grades/grade-7-titanium/,related_to
cnc-machining,materials,grade-9-titanium,/grades/grade-9-titanium/,related_to
milling,materials,grade-9-titanium,/grades/grade-9-titanium/,related_to
turning,materials,grade-9-titanium,/grades/grade-9-titanium/,related_to
welding,materials,grade-9-titanium,/grades/grade-9-titanium/,related_to
forming,materials,grade-9-titanium,/grades/grade-9-titanium/,related_to
hydroforming,materials,grade-9-titanium,/grades/grade-9-titanium/,related_to
aerospace,materials,grade-9-titanium,/grades/grade-9-titanium/,related_to
marine,materials,grade-9-titanium,/grades/grade-9-titanium/,related_to
sporting-goods,materials,grade-9-titanium,/grades/grade-9-titanium/,related_to
chemical-processing,materials,grade-9-titanium,/grades/grade-9-titanium/,related_to
automotive,materials,grade-9-titanium,/grades/grade-9-titanium/,related_to
ASTM B265,materials,grade-9-titanium,/grades/grade-9-titanium/,related_to
ASTM B348,materials,grade-9-titanium,/grades/grade-9-titanium/,related_to
ASTM B861,materials,grade-9-titanium,/grades/grade-9-titanium/,related_to
AMS 4945,materials,grade-9-titanium,/grades/grade-9-titanium/,related_to
anodizing,materials,grade-9-titanium,/grades/grade-9-titanium/,related_to
passivation,materials,grade-9-titanium,/grades/grade-9-titanium/,related_to
polishing,materials,grade-9-titanium,/grades/grade-9-titanium/,related_to
AS9100D,materials,grade-9-titanium,/grades/grade-9-titanium/,related_to
ISO 9001,materials,grade-9-titanium,/grades/grade-9-titanium/,related_to
cnc-machining,materials,ta15-titanium,/grades/ta15-titanium/,related_to
milling,materials,ta15-titanium,/grades/ta15-titanium/,related_to
turning,materials,ta15-titanium,/grades/ta15-titanium/,related_to
welding,materials,ta15-titanium,/grades/ta15-titanium/,related_to
additive-manufacturing,materials,ta15-titanium,/grades/ta15-titanium/,related_to
aerospace,materials,ta15-titanium,/grades/ta15-titanium/,related_to
defence,materials,ta15-titanium,/grades/ta15-titanium/,related_to
GB/T 3621,materials,ta15-titanium,/grades/ta15-titanium/,related_to
GJB 1538,materials,ta15-titanium,/grades/ta15-titanium/,related_to
anodizing,materials,ta15-titanium,/grades/ta15-titanium/,related_to
passivation,materials,ta15-titanium,/grades/ta15-titanium/,related_to
AS9100D,materials,ta15-titanium,/grades/ta15-titanium/,related_to
GJB 9001,materials,ta15-titanium,/grades/ta15-titanium/,related_to
forging,materials,ti-10v-2fe-3al,/grades/ti-10v-2fe-3al/,related_to
cnc-machining,materials,ti-10v-2fe-3al,/grades/ti-10v-2fe-3al/,related_to
milling,materials,ti-10v-2fe-3al,/grades/ti-10v-2fe-3al/,related_to
turning,materials,ti-10v-2fe-3al,/grades/ti-10v-2fe-3al/,related_to
heat-treatment,materials,ti-10v-2fe-3al,/grades/ti-10v-2fe-3al/,related_to
aerospace,materials,ti-10v-2fe-3al,/grades/ti-10v-2fe-3al/,related_to
defence,materials,ti-10v-2fe-3al,/grades/ti-10v-2fe-3al/,related_to
automotive,materials,ti-10v-2fe-3al,/grades/ti-10v-2fe-3al/,related_to
AMS 4983,materials,ti-10v-2fe-3al,/grades/ti-10v-2fe-3al/,related_to
AMS 4984,materials,ti-10v-2fe-3al,/grades/ti-10v-2fe-3al/,related_to
ASTM B348,materials,ti-10v-2fe-3al,/grades/ti-10v-2fe-3al/,related_to
passivation,materials,ti-10v-2fe-3al,/grades/ti-10v-2fe-3al/,related_to
bead-blasting,materials,ti-10v-2fe-3al,/grades/ti-10v-2fe-3al/,related_to
AS9100D,materials,ti-10v-2fe-3al,/grades/ti-10v-2fe-3al/,related_to
NADCAP,materials,ti-10v-2fe-3al,/grades/ti-10v-2fe-3al/,related_to
cnc-machining,materials,ti-5al-2sn,/grades/ti-5al-2sn/,related_to
milling,materials,ti-5al-2sn,/grades/ti-5al-2sn/,related_to
turning,materials,ti-5al-2sn,/grades/ti-5al-2sn/,related_to
welding,materials,ti-5al-2sn,/grades/ti-5al-2sn/,related_to
forming,materials,ti-5al-2sn,/grades/ti-5al-2sn/,related_to
aerospace,materials,ti-5al-2sn,/grades/ti-5al-2sn/,related_to
defence,materials,ti-5al-2sn,/grades/ti-5al-2sn/,related_to
chemical-processing,materials,ti-5al-2sn,/grades/ti-5al-2sn/,related_to
AMS 4926,materials,ti-5al-2sn,/grades/ti-5al-2sn/,related_to
AMS 4909,materials,ti-5al-2sn,/grades/ti-5al-2sn/,related_to
ASTM B265,materials,ti-5al-2sn,/grades/ti-5al-2sn/,related_to
anodizing,materials,ti-5al-2sn,/grades/ti-5al-2sn/,related_to
passivation,materials,ti-5al-2sn,/grades/ti-5al-2sn/,related_to
AS9100D,materials,ti-5al-2sn,/grades/ti-5al-2sn/,related_to
ISO 9001,materials,ti-5al-2sn,/grades/ti-5al-2sn/,related_to
cnc-machining,materials,ti-6al-2sn-4zr-2mo,/grades/ti-6al-2sn-4zr-2mo/,related_to
milling,materials,ti-6al-2sn-4zr-2mo,/grades/ti-6al-2sn-4zr-2mo/,related_to
turning,materials,ti-6al-2sn-4zr-2mo,/grades/ti-6al-2sn-4zr-2mo/,related_to
forging,materials,ti-6al-2sn-4zr-2mo,/grades/ti-6al-2sn-4zr-2mo/,related_to
heat-treatment,materials,ti-6al-2sn-4zr-2mo,/grades/ti-6al-2sn-4zr-2mo/,related_to
aerospace,materials,ti-6al-2sn-4zr-2mo,/grades/ti-6al-2sn-4zr-2mo/,related_to
power-generation,materials,ti-6al-2sn-4zr-2mo,/grades/ti-6al-2sn-4zr-2mo/,related_to
defence,materials,ti-6al-2sn-4zr-2mo,/grades/ti-6al-2sn-4zr-2mo/,related_to
AMS 4919,materials,ti-6al-2sn-4zr-2mo,/grades/ti-6al-2sn-4zr-2mo/,related_to
AMS 4975,materials,ti-6al-2sn-4zr-2mo,/grades/ti-6al-2sn-4zr-2mo/,related_to
ASTM B265,materials,ti-6al-2sn-4zr-2mo,/grades/ti-6al-2sn-4zr-2mo/,related_to
anodizing,materials,ti-6al-2sn-4zr-2mo,/grades/ti-6al-2sn-4zr-2mo/,related_to
passivation,materials,ti-6al-2sn-4zr-2mo,/grades/ti-6al-2sn-4zr-2mo/,related_to
AS9100D,materials,ti-6al-2sn-4zr-2mo,/grades/ti-6al-2sn-4zr-2mo/,related_to
NADCAP,materials,ti-6al-2sn-4zr-2mo,/grades/ti-6al-2sn-4zr-2mo/,related_to
grade-5-titanium,processes,5-axis-machining,/processes/5-axis-machining/,related_to
grade-23-titanium,processes,5-axis-machining,/processes/5-axis-machining/,related_to
grade-9-titanium,processes,5-axis-machining,/processes/5-axis-machining/,related_to
grade-2-titanium,processes,5-axis-machining,/processes/5-axis-machining/,related_to
aerospace,processes,5-axis-machining,/processes/5-axis-machining/,related_to
medical,processes,5-axis-machining,/processes/5-axis-machining/,related_to
semiconductor,processes,5-axis-machining,/processes/5-axis-machining/,related_to
robotics,processes,5-axis-machining,/processes/5-axis-machining/,related_to
energy,processes,5-axis-machining,/processes/5-axis-machining/,related_to
mazak-5-axis,processes,5-axis-machining,/processes/5-axis-machining/,related_to
dmg-mori,processes,5-axis-machining,/processes/5-axis-machining/,related_to
grade-5-titanium,processes,dmls-vs-ebm,/processes/dmls-vs-ebm/,related_to
grade-23-titanium,processes,dmls-vs-ebm,/processes/dmls-vs-ebm/,related_to
aerospace,processes,dmls-vs-ebm,/processes/dmls-vs-ebm/,related_to
medical,processes,dmls-vs-ebm,/processes/dmls-vs-ebm/,related_to
dmls-machine,processes,dmls-vs-ebm,/processes/dmls-vs-ebm/,related_to
ebm-machine,processes,dmls-vs-ebm,/processes/dmls-vs-ebm/,related_to
grade-2-titanium,processes,titanium-casting,/processes/titanium-casting/,related_to
grade-5-titanium,processes,titanium-casting,/processes/titanium-casting/,related_to
aerospace,processes,titanium-casting,/processes/titanium-casting/,related_to
medical,processes,titanium-casting,/processes/titanium-casting/,related_to
investment-casting-furnace,processes,titanium-casting,/processes/titanium-casting/,related_to
grade-5-titanium,processes,titanium-forging,/processes/titanium-forging/,related_to
grade-23-titanium,processes,titanium-forging,/processes/titanium-forging/,related_to
ti-10v-2fe-3al,processes,titanium-forging,/processes/titanium-forging/,related_to
aerospace,processes,titanium-forging,/processes/titanium-forging/,related_to
defence,processes,titanium-forging,/processes/titanium-forging/,related_to
hydraulic-press,processes,titanium-forging,/processes/titanium-forging/,related_to
grade-2-titanium,processes,titanium-sheet-metal,/processes/titanium-sheet-metal/,related_to
grade-5-titanium,processes,titanium-sheet-metal,/processes/titanium-sheet-metal/,related_to
aerospace,processes,titanium-sheet-metal,/processes/titanium-sheet-metal/,related_to
chemical-processing,processes,titanium-sheet-metal,/processes/titanium-sheet-metal/,related_to
press-brake,processes,titanium-sheet-metal,/processes/titanium-sheet-metal/,related_to
grade-2-titanium,processes,titanium-welding,/processes/titanium-welding/,related_to
grade-5-titanium,processes,titanium-welding,/processes/titanium-welding/,related_to
grade-23-titanium,processes,titanium-welding,/processes/titanium-welding/,related_to
aerospace,processes,titanium-welding,/processes/titanium-welding/,related_to
chemical-processing,processes,titanium-welding,/processes/titanium-welding/,related_to
tig-welder,processes,titanium-welding,/processes/titanium-welding/,related_to
laser-welder,processes,titanium-welding,/processes/titanium-welding/,related_to
electron-beam-welder,processes,titanium-welding,/processes/titanium-welding/,related_to
grade-5-titanium,industries,aerospace-titanium-parts,/industries/aerospace-titanium-parts/,related_to
grade-23-titanium,industries,aerospace-titanium-parts,/industries/aerospace-titanium-parts/,related_to
grade-2-titanium,industries,aerospace-titanium-parts,/industries/aerospace-titanium-parts/,related_to
cnc-machining,industries,aerospace-titanium-parts,/industries/aerospace-titanium-parts/,related_to
5-axis-machining,industries,aerospace-titanium-parts,/industries/aerospace-titanium-parts/,related_to
milling,industries,aerospace-titanium-parts,/industries/aerospace-titanium-parts/,related_to
turning,industries,aerospace-titanium-parts,/industries/aerospace-titanium-parts/,related_to
wire-edm,industries,aerospace-titanium-parts,/industries/aerospace-titanium-parts/,related_to
astm-b265,industries,aerospace-titanium-parts,/industries/aerospace-titanium-parts/,related_to
astm-b348,industries,aerospace-titanium-parts,/industries/aerospace-titanium-parts/,related_to
astm-f136,industries,aerospace-titanium-parts,/industries/aerospace-titanium-parts/,related_to
AS9100D,industries,aerospace-titanium-parts,/industries/aerospace-titanium-parts/,related_to
NADCAP,industries,aerospace-titanium-parts,/industries/aerospace-titanium-parts/,related_to
grade-2-titanium,standards,as9100d,/standards/as9100d/,related_to
grade-5-titanium,standards,as9100d,/standards/as9100d/,related_to
grade-23-titanium,standards,as9100d,/standards/as9100d/,related_to
grade-9-titanium,standards,as9100d,/standards/as9100d/,related_to
aerospace,standards,as9100d,/standards/as9100d/,related_to
defence,standards,as9100d,/standards/as9100d/,related_to
space,standards,as9100d,/standards/as9100d/,related_to
grade-2-titanium,standards,astm-b265,/standards/astm-b265/,related_to
grade-5-titanium,standards,astm-b265,/standards/astm-b265/,related_to
aerospace,standards,astm-b265,/standards/astm-b265/,related_to
medical,standards,astm-b265,/standards/astm-b265/,related_to
industrial,standards,astm-b265,/standards/astm-b265/,related_to
chemical-processing,standards,astm-b265,/standards/astm-b265/,related_to
marine,standards,astm-b265,/standards/astm-b265/,related_to
grade-2-titanium,standards,astm-b348,/standards/astm-b348/,related_to
grade-5-titanium,standards,astm-b348,/standards/astm-b348/,related_to
grade-23-titanium,standards,astm-b348,/standards/astm-b348/,related_to
grade-9-titanium,standards,astm-b348,/standards/astm-b348/,related_to
aerospace,standards,astm-b348,/standards/astm-b348/,related_to
medical,standards,astm-b348,/standards/astm-b348/,related_to
industrial,standards,astm-b348,/standards/astm-b348/,related_to
chemical-processing,standards,astm-b348,/standards/astm-b348/,related_to
energy,standards,astm-b348,/standards/astm-b348/,related_to
grade-23-titanium,standards,astm-f136,/standards/astm-f136/,related_to
medical,standards,astm-f136,/standards/astm-f136/,related_to
aerospace,standards,astm-f136,/standards/astm-f136/,related_to
grade-23-titanium,standards,iso-13485,/standards/iso-13485/,related_to
grade-5-titanium,standards,iso-13485,/standards/iso-13485/,related_to
medical,standards,iso-13485,/standards/iso-13485/,related_to
dental,standards,iso-13485,/standards/iso-13485/,related_to
grade-5-titanium,surfaceFinishes,titanium-anodizing,/finishes/titanium-anodizing/,related_to
grade-2-titanium,surfaceFinishes,titanium-anodizing,/finishes/titanium-anodizing/,related_to
aerospace,surfaceFinishes,titanium-anodizing,/finishes/titanium-anodizing/,related_to
medical,surfaceFinishes,titanium-anodizing,/finishes/titanium-anodizing/,related_to
grade-5-titanium,materialSelection,aerospace-titanium,/select/aerospace-titanium/,related_to
grade-23-titanium,materialSelection,aerospace-titanium,/select/aerospace-titanium/,related_to
aerospace,materialSelection,aerospace-titanium,/select/aerospace-titanium/,related_to
defence,materialSelection,aerospace-titanium,/select/aerospace-titanium/,related_to
grade-2-titanium,materialSelection,grade-selection-guide,/select/grade-selection-guide/,related_to
grade-5-titanium,materialSelection,grade-selection-guide,/select/grade-selection-guide/,related_to
grade-23-titanium,materialSelection,grade-selection-guide,/select/grade-selection-guide/,related_to
aerospace,materialSelection,grade-selection-guide,/select/grade-selection-guide/,related_to
medical,materialSelection,grade-selection-guide,/select/grade-selection-guide/,related_to
grade-2-titanium,materialSelection,medical-grade-titanium,/select/medical-grade-titanium/,related_to
grade-5-titanium,materialSelection,medical-grade-titanium,/select/medical-grade-titanium/,related_to
grade-23-titanium,materialSelection,medical-grade-titanium,/select/medical-grade-titanium/,related_to
medical,materialSelection,medical-grade-titanium,/select/medical-grade-titanium/,related_to
grade-1-titanium,materialSelection,titanium-grades-chart,/select/titanium-grades-chart/,related_to
grade-2-titanium,materialSelection,titanium-grades-chart,/select/titanium-grades-chart/,related_to
grade-3-titanium,materialSelection,titanium-grades-chart,/select/titanium-grades-chart/,related_to
grade-4-titanium,materialSelection,titanium-grades-chart,/select/titanium-grades-chart/,related_to
grade-5-titanium,materialSelection,titanium-grades-chart,/select/titanium-grades-chart/,related_to
grade-7-titanium,materialSelection,titanium-grades-chart,/select/titanium-grades-chart/,related_to
grade-23-titanium,materialSelection,titanium-grades-chart,/select/titanium-grades-chart/,related_to
aerospace,materialSelection,titanium-grades-chart,/select/titanium-grades-chart/,related_to
medical,materialSelection,titanium-grades-chart,/select/titanium-grades-chart/,related_to
grade-2-titanium,materialSelection,titanium-vs-316-stainless,/select/titanium-vs-316-stainless/,related_to
grade-5-titanium,materialSelection,titanium-vs-316-stainless,/select/titanium-vs-316-stainless/,related_to
chemical-processing,materialSelection,titanium-vs-316-stainless,/select/titanium-vs-316-stainless/,related_to
marine,materialSelection,titanium-vs-316-stainless,/select/titanium-vs-316-stainless/,related_to
grade-5-titanium,materialSelection,titanium-vs-aluminum,/select/titanium-vs-aluminum/,related_to
aerospace,materialSelection,titanium-vs-aluminum,/select/titanium-vs-aluminum/,related_to
automotive,materialSelection,titanium-vs-aluminum,/select/titanium-vs-aluminum/,related_to
grade-5-titanium,materialSelection,titanium-vs-carbon-steel,/select/titanium-vs-carbon-steel/,related_to
automotive,materialSelection,titanium-vs-carbon-steel,/select/titanium-vs-carbon-steel/,related_to
construction,materialSelection,titanium-vs-carbon-steel,/select/titanium-vs-carbon-steel/,related_to
grade-5-titanium,materialSelection,titanium-vs-inconel,/select/titanium-vs-inconel/,related_to
aerospace,materialSelection,titanium-vs-inconel,/select/titanium-vs-inconel/,related_to
power-generation,materialSelection,titanium-vs-inconel,/select/titanium-vs-inconel/,related_to
grade-5-titanium,failureAnalysis,alpha-case,/failures/alpha-case/,related_to
grade-23-titanium,failureAnalysis,alpha-case,/failures/alpha-case/,related_to
aerospace,failureAnalysis,alpha-case,/failures/alpha-case/,related_to
medical,failureAnalysis,alpha-case,/failures/alpha-case/,related_to
grade-5-titanium,failureAnalysis,fatigue,/failures/fatigue/,related_to
grade-23-titanium,failureAnalysis,fatigue,/failures/fatigue/,related_to
aerospace,failureAnalysis,fatigue,/failures/fatigue/,related_to
medical,failureAnalysis,fatigue,/failures/fatigue/,related_to
grade-2-titanium,failureAnalysis,hydrogen-embritlement,/failures/hydrogen-embritlement/,related_to
grade-5-titanium,failureAnalysis,hydrogen-embritlement,/failures/hydrogen-embritlement/,related_to
aerospace,failureAnalysis,hydrogen-embritlement,/failures/hydrogen-embritlement/,related_to
grade-5-titanium,failureAnalysis,machining-defects,/failures/machining-defects/,related_to
grade-23-titanium,failureAnalysis,machining-defects,/failures/machining-defects/,related_to
aerospace,failureAnalysis,machining-defects,/failures/machining-defects/,related_to
medical,failureAnalysis,machining-defects,/failures/machining-defects/,related_to
grade-5-titanium,failureAnalysis,overview,/failures/overview/,related_to
grade-2-titanium,failureAnalysis,overview,/failures/overview/,related_to
aerospace,failureAnalysis,overview,/failures/overview/,related_to
medical,failureAnalysis,overview,/failures/overview/,related_to
grade-2-titanium,failureAnalysis,welding-defects,/failures/welding-defects/,related_to
grade-5-titanium,failureAnalysis,welding-defects,/failures/welding-defects/,related_to
aerospace,failureAnalysis,welding-defects,/failures/welding-defects/,related_to
grade-2-titanium,heatTreatment,annealing,/heat-treatment/annealing/,related_to
grade-5-titanium,heatTreatment,annealing,/heat-treatment/annealing/,related_to
grade-23-titanium,heatTreatment,annealing,/heat-treatment/annealing/,related_to
aerospace,heatTreatment,annealing,/heat-treatment/annealing/,related_to
medical,heatTreatment,annealing,/heat-treatment/annealing/,related_to
vacuum-furnace,heatTreatment,annealing,/heat-treatment/annealing/,related_to
grade-5-titanium,heatTreatment,defects,/heat-treatment/defects/,related_to
aerospace,heatTreatment,defects,/heat-treatment/defects/,related_to
medical,heatTreatment,defects,/heat-treatment/defects/,related_to
grade-2-titanium,heatTreatment,grade-guide,/heat-treatment/grade-guide/,related_to
grade-5-titanium,heatTreatment,grade-guide,/heat-treatment/grade-guide/,related_to
grade-23-titanium,heatTreatment,grade-guide,/heat-treatment/grade-guide/,related_to
aerospace,heatTreatment,grade-guide,/heat-treatment/grade-guide/,related_to
medical,heatTreatment,grade-guide,/heat-treatment/grade-guide/,related_to
grade-5-titanium,heatTreatment,overview,/heat-treatment/overview/,related_to
grade-23-titanium,heatTreatment,overview,/heat-treatment/overview/,related_to
grade-9-titanium,heatTreatment,overview,/heat-treatment/overview/,related_to
aerospace,heatTreatment,overview,/heat-treatment/overview/,related_to
medical,heatTreatment,overview,/heat-treatment/overview/,related_to
vacuum-furnace,heatTreatment,overview,/heat-treatment/overview/,related_to
grade-5-titanium,heatTreatment,solution-treatment-aging,/heat-treatment/solution-treatment-aging/,related_to
grade-23-titanium,heatTreatment,solution-treatment-aging,/heat-treatment/solution-treatment-aging/,related_to
ti-10v-2fe-3al,heatTreatment,solution-treatment-aging,/heat-treatment/solution-treatment-aging/,related_to
aerospace,heatTreatment,solution-treatment-aging,/heat-treatment/solution-treatment-aging/,related_to
defence,heatTreatment,solution-treatment-aging,/heat-treatment/solution-treatment-aging/,related_to
vacuum-furnace,heatTreatment,solution-treatment-aging,/heat-treatment/solution-treatment-aging/,related_to
grade-2-titanium,heatTreatment,stress-relief,/heat-treatment/stress-relief/,related_to
grade-5-titanium,heatTreatment,stress-relief,/heat-treatment/stress-relief/,related_to
aerospace,heatTreatment,stress-relief,/heat-treatment/stress-relief/,related_to
medical,heatTreatment,stress-relief,/heat-treatment/stress-relief/,related_to
vacuum-furnace,heatTreatment,stress-relief,/heat-treatment/stress-relief/,related_to
grade-2-titanium,corrosion,acid-resistance,/corrosion/acid-resistance/,related_to
grade-7-titanium,corrosion,acid-resistance,/corrosion/acid-resistance/,related_to
chemical-processing,corrosion,acid-resistance,/corrosion/acid-resistance/,related_to
grade-5-titanium,corrosion,chloride-scc,/corrosion/chloride-scc/,related_to
chemical-processing,corrosion,chloride-scc,/corrosion/chloride-scc/,related_to
aerospace,corrosion,chloride-scc,/corrosion/chloride-scc/,related_to
grade-2-titanium,corrosion,galvanic,/corrosion/galvanic/,related_to
grade-5-titanium,corrosion,galvanic,/corrosion/galvanic/,related_to
aerospace,corrosion,galvanic,/corrosion/galvanic/,related_to
marine,corrosion,galvanic,/corrosion/galvanic/,related_to
grade-2-titanium,corrosion,overview,/corrosion/overview/,related_to
grade-5-titanium,corrosion,overview,/corrosion/overview/,related_to
grade-7-titanium,corrosion,overview,/corrosion/overview/,related_to
chemical-processing,corrosion,overview,/corrosion/overview/,related_to
marine,corrosion,overview,/corrosion/overview/,related_to
ASTM B265,corrosion,overview,/corrosion/overview/,related_to
NACE MR0175,corrosion,overview,/corrosion/overview/,related_to
grade-2-titanium,corrosion,prevention,/corrosion/prevention/,related_to
grade-5-titanium,corrosion,prevention,/corrosion/prevention/,related_to
chemical-processing,corrosion,prevention,/corrosion/prevention/,related_to
marine,corrosion,prevention,/corrosion/prevention/,related_to
grade-2-titanium,corrosion,seawater,/corrosion/seawater/,related_to
grade-5-titanium,corrosion,seawater,/corrosion/seawater/,related_to
marine,corrosion,seawater,/corrosion/seawater/,related_to
oil-and-gas,corrosion,seawater,/corrosion/seawater/,related_to
grade-5-titanium,evidence,5-axis-tolerances,/evidence/5-axis-tolerances/,related_to
grade-23-titanium,evidence,5-axis-tolerances,/evidence/5-axis-tolerances/,related_to
5-axis-machining,evidence,5-axis-tolerances,/evidence/5-axis-tolerances/,related_to
cnc-machining,evidence,5-axis-tolerances,/evidence/5-axis-tolerances/,related_to
milling,evidence,5-axis-tolerances,/evidence/5-axis-tolerances/,related_to
iso-2768,evidence,5-axis-tolerances,/evidence/5-axis-tolerances/,related_to
iso-286,evidence,5-axis-tolerances,/evidence/5-axis-tolerances/,related_to
grade-5-titanium,evidence,bead-blasting-surface-roughness,/evidence/bead-blasting-surface-roughness/,related_to
grade-2-titanium,evidence,bead-blasting-surface-roughness,/evidence/bead-blasting-surface-roughness/,related_to
cnc-machining,evidence,bead-blasting-surface-roughness,/evidence/bead-blasting-surface-roughness/,related_to
additive-manufacturing,evidence,bead-blasting-surface-roughness,/evidence/bead-blasting-surface-roughness/,related_to
astm-b265,evidence,bead-blasting-surface-roughness,/evidence/bead-blasting-surface-roughness/,related_to
grade-5-titanium,evidence,grade-23-material-properties,/evidence/grade-23-material-properties/,related_to
cnc-machining,evidence,grade-23-material-properties,/evidence/grade-23-material-properties/,related_to
milling,evidence,grade-23-material-properties,/evidence/grade-23-material-properties/,related_to
turning,evidence,grade-23-material-properties,/evidence/grade-23-material-properties/,related_to
astm-f136,evidence,grade-23-material-properties,/evidence/grade-23-material-properties/,related_to
astm-b348,evidence,grade-23-material-properties,/evidence/grade-23-material-properties/,related_to
grade-5-titanium,evidence,grade-5-milling-parameters,/evidence/grade-5-milling-parameters/,related_to
milling,evidence,grade-5-milling-parameters,/evidence/grade-5-milling-parameters/,related_to
cnc-machining,evidence,grade-5-milling-parameters,/evidence/grade-5-milling-parameters/,related_to
astm-b265,evidence,grade-5-milling-parameters,/evidence/grade-5-milling-parameters/,related_to
grade-23-titanium,evidence,ti-6al-4v-material-properties,/evidence/ti-6al-4v-material-properties/,related_to
grade-2-titanium,evidence,ti-6al-4v-material-properties,/evidence/ti-6al-4v-material-properties/,related_to
cnc-machining,evidence,ti-6al-4v-material-properties,/evidence/ti-6al-4v-material-properties/,related_to
milling,evidence,ti-6al-4v-material-properties,/evidence/ti-6al-4v-material-properties/,related_to
turning,evidence,ti-6al-4v-material-properties,/evidence/ti-6al-4v-material-properties/,related_to
wire-edm,evidence,ti-6al-4v-material-properties,/evidence/ti-6al-4v-material-properties/,related_to
astm-b265,evidence,ti-6al-4v-material-properties,/evidence/ti-6al-4v-material-properties/,related_to
astm-b348,evidence,ti-6al-4v-material-properties,/evidence/ti-6al-4v-material-properties/,related_to
astm-f136,evidence,ti-6al-4v-material-properties,/evidence/ti-6al-4v-material-properties/,related_to
cnc-machining,comparisons,cnc-machining-vs-dmls,/compare/cnc-machining-vs-dmls/,related_to
additive-manufacturing,comparisons,cnc-machining-vs-dmls,/compare/cnc-machining-vs-dmls/,related_to
grade-5-titanium,comparisons,grade-5-vs-grade-23,/compare/grade-5-vs-grade-23/,related_to
grade-23-titanium,comparisons,grade-5-vs-grade-23,/compare/grade-5-vs-grade-23/,related_to
cnc-machining,comparisons,grade-5-vs-grade-23,/compare/grade-5-vs-grade-23/,related_to
milling,comparisons,grade-5-vs-grade-23,/compare/grade-5-vs-grade-23/,related_to
turning,comparisons,grade-5-vs-grade-23,/compare/grade-5-vs-grade-23/,related_to
astm-b265,comparisons,grade-5-vs-grade-23,/compare/grade-5-vs-grade-23/,related_to
astm-b348,comparisons,grade-5-vs-grade-23,/compare/grade-5-vs-grade-23/,related_to
astm-f136,comparisons,grade-5-vs-grade-23,/compare/grade-5-vs-grade-23/,related_to
grade-5-titanium,comparisons,titanium-vs-inconel-718,/compare/titanium-vs-inconel-718/,related_to
cnc-machining,comparisons,titanium-vs-inconel-718,/compare/titanium-vs-inconel-718/,related_to
milling,comparisons,titanium-vs-inconel-718,/compare/titanium-vs-inconel-718/,related_to
turning,comparisons,titanium-vs-inconel-718,/compare/titanium-vs-inconel-718/,related_to
astm-b265,comparisons,titanium-vs-inconel-718,/compare/titanium-vs-inconel-718/,related_to
astm-b348,comparisons,titanium-vs-inconel-718,/compare/titanium-vs-inconel-718/,related_to
5-axis-machining,cases,5-axis-structural-bracket,/cases/5-axis-structural-bracket/,related_to
cnc-machining,cases,5-axis-structural-bracket,/cases/5-axis-structural-bracket/,related_to
milling,cases,5-axis-structural-bracket,/cases/5-axis-structural-bracket/,related_to
AS9100D,cases,5-axis-structural-bracket,/cases/5-axis-structural-bracket/,related_to
NADCAP,cases,5-axis-structural-bracket,/cases/5-axis-structural-bracket/,related_to
ISO 2768-f,cases,5-axis-structural-bracket,/cases/5-axis-structural-bracket/,related_to
grade-5-titanium,cases,5-axis-structural-bracket,/cases/5-axis-structural-bracket/,related_to
as9100d,cases,5-axis-structural-bracket,/cases/5-axis-structural-bracket/,related_to
nadcap,cases,5-axis-structural-bracket,/cases/5-axis-structural-bracket/,related_to
iso-2768,cases,5-axis-structural-bracket,/cases/5-axis-structural-bracket/,related_to
aerospace-titanium-components,cases,5-axis-structural-bracket,/cases/5-axis-structural-bracket/,related_to
5-axis-titanium-machining,cases,5-axis-structural-bracket,/cases/5-axis-structural-bracket/,related_to
titanium-cnc-machining,cases,5-axis-structural-bracket,/cases/5-axis-structural-bracket/,related_to
structural-bracket,cases,5-axis-structural-bracket,/cases/5-axis-structural-bracket/,related_to
aerospace-housing,cases,5-axis-structural-bracket,/cases/5-axis-structural-bracket/,related_to
5-axis-tolerances,cases,5-axis-structural-bracket,/cases/5-axis-structural-bracket/,related_to
grade-5-milling-parameters,cases,5-axis-structural-bracket,/cases/5-axis-structural-bracket/,related_to
5-axis-vs-3-axis-machining,cases,5-axis-structural-bracket,/cases/5-axis-structural-bracket/,related_to
grade-5-vs-grade-23,cases,5-axis-structural-bracket,/cases/5-axis-structural-bracket/,related_to
Mazak i700 5-Axis,cases,5-axis-structural-bracket,/cases/5-axis-structural-bracket/,related_to
Mazak Integrex i-200,cases,5-axis-structural-bracket,/cases/5-axis-structural-bracket/,related_to
5-axis-machining,cases,aerospace-thin-wall-housing,/cases/aerospace-thin-wall-housing/,related_to
cnc-machining,cases,aerospace-thin-wall-housing,/cases/aerospace-thin-wall-housing/,related_to
milling,cases,aerospace-thin-wall-housing,/cases/aerospace-thin-wall-housing/,related_to
AS9100D,cases,aerospace-thin-wall-housing,/cases/aerospace-thin-wall-housing/,related_to
ISO 2768-f,cases,aerospace-thin-wall-housing,/cases/aerospace-thin-wall-housing/,related_to
grade-5-titanium,cases,aerospace-thin-wall-housing,/cases/aerospace-thin-wall-housing/,related_to
as9100d,cases,aerospace-thin-wall-housing,/cases/aerospace-thin-wall-housing/,related_to
iso-2768,cases,aerospace-thin-wall-housing,/cases/aerospace-thin-wall-housing/,related_to
aerospace-titanium-components,cases,aerospace-thin-wall-housing,/cases/aerospace-thin-wall-housing/,related_to
titanium-cnc-machining,cases,aerospace-thin-wall-housing,/cases/aerospace-thin-wall-housing/,related_to
aerospace-housing,cases,aerospace-thin-wall-housing,/cases/aerospace-thin-wall-housing/,related_to
thin-wall-machining,cases,aerospace-thin-wall-housing,/cases/aerospace-thin-wall-housing/,related_to
5-axis-tolerances,cases,aerospace-thin-wall-housing,/cases/aerospace-thin-wall-housing/,related_to
grade-5-milling-parameters,cases,aerospace-thin-wall-housing,/cases/aerospace-thin-wall-housing/,related_to
5-axis-vs-3-axis-machining,cases,aerospace-thin-wall-housing,/cases/aerospace-thin-wall-housing/,related_to
Mazak i700 5-Axis,cases,aerospace-thin-wall-housing,/cases/aerospace-thin-wall-housing/,related_to
5-axis-machining,cases,complex-5-axis-titanium-bracket,/cases/complex-5-axis-titanium-bracket/,related_to
cnc-machining,cases,complex-5-axis-titanium-bracket,/cases/complex-5-axis-titanium-bracket/,related_to
milling,cases,complex-5-axis-titanium-bracket,/cases/complex-5-axis-titanium-bracket/,related_to
AS9100D,cases,complex-5-axis-titanium-bracket,/cases/complex-5-axis-titanium-bracket/,related_to
NADCAP,cases,complex-5-axis-titanium-bracket,/cases/complex-5-axis-titanium-bracket/,related_to
ISO 2768-f,cases,complex-5-axis-titanium-bracket,/cases/complex-5-axis-titanium-bracket/,related_to
grade-5-titanium,cases,complex-5-axis-titanium-bracket,/cases/complex-5-axis-titanium-bracket/,related_to
as9100d,cases,complex-5-axis-titanium-bracket,/cases/complex-5-axis-titanium-bracket/,related_to
nadcap,cases,complex-5-axis-titanium-bracket,/cases/complex-5-axis-titanium-bracket/,related_to
iso-2768,cases,complex-5-axis-titanium-bracket,/cases/complex-5-axis-titanium-bracket/,related_to
aerospace-titanium-components,cases,complex-5-axis-titanium-bracket,/cases/complex-5-axis-titanium-bracket/,related_to
5-axis-titanium-machining,cases,complex-5-axis-titanium-bracket,/cases/complex-5-axis-titanium-bracket/,related_to
titanium-cnc-machining,cases,complex-5-axis-titanium-bracket,/cases/complex-5-axis-titanium-bracket/,related_to
structural-bracket,cases,complex-5-axis-titanium-bracket,/cases/complex-5-axis-titanium-bracket/,related_to
aerospace-housing,cases,complex-5-axis-titanium-bracket,/cases/complex-5-axis-titanium-bracket/,related_to
5-axis-tolerances,cases,complex-5-axis-titanium-bracket,/cases/complex-5-axis-titanium-bracket/,related_to
grade-5-milling-parameters,cases,complex-5-axis-titanium-bracket,/cases/complex-5-axis-titanium-bracket/,related_to
5-axis-vs-3-axis-machining,cases,complex-5-axis-titanium-bracket,/cases/complex-5-axis-titanium-bracket/,related_to
grade-5-vs-grade-23,cases,complex-5-axis-titanium-bracket,/cases/complex-5-axis-titanium-bracket/,related_to
Mazak i700 5-Axis,cases,complex-5-axis-titanium-bracket,/cases/complex-5-axis-titanium-bracket/,related_to
Mazak Integrex i-200,cases,complex-5-axis-titanium-bracket,/cases/complex-5-axis-titanium-bracket/,related_to
5-axis-machining,cases,grade-23-orthopedic-component,/cases/grade-23-orthopedic-component/,related_to
milling,cases,grade-23-orthopedic-component,/cases/grade-23-orthopedic-component/,related_to
polishing,cases,grade-23-orthopedic-component,/cases/grade-23-orthopedic-component/,related_to
ASTM F136,cases,grade-23-orthopedic-component,/cases/grade-23-orthopedic-component/,related_to
ISO 13485,cases,grade-23-orthopedic-component,/cases/grade-23-orthopedic-component/,related_to
ASTM B348,cases,grade-23-orthopedic-component,/cases/grade-23-orthopedic-component/,related_to
grade-23-titanium,cases,grade-23-orthopedic-component,/cases/grade-23-orthopedic-component/,related_to
astm-f136,cases,grade-23-orthopedic-component,/cases/grade-23-orthopedic-component/,related_to
iso-13485,cases,grade-23-orthopedic-component,/cases/grade-23-orthopedic-component/,related_to
astm-b348,cases,grade-23-orthopedic-component,/cases/grade-23-orthopedic-component/,related_to
medical-titanium-components,cases,grade-23-orthopedic-component,/cases/grade-23-orthopedic-component/,related_to
grade-23-titanium-machining,cases,grade-23-orthopedic-component,/cases/grade-23-orthopedic-component/,related_to
titanium-cnc-machining,cases,grade-23-orthopedic-component,/cases/grade-23-orthopedic-component/,related_to
bone-plate,cases,grade-23-orthopedic-component,/cases/grade-23-orthopedic-component/,related_to
dental-implant,cases,grade-23-orthopedic-component,/cases/grade-23-orthopedic-component/,related_to
grade-23-material-properties,cases,grade-23-orthopedic-component,/cases/grade-23-orthopedic-component/,related_to
5-axis-tolerances,cases,grade-23-orthopedic-component,/cases/grade-23-orthopedic-component/,related_to
grade-5-vs-grade-23,cases,grade-23-orthopedic-component,/cases/grade-23-orthopedic-component/,related_to
Mazak i500 5-Axis,cases,grade-23-orthopedic-component,/cases/grade-23-orthopedic-component/,related_to
5-axis-machining,cases,medical-fixture,/cases/medical-fixture/,related_to
micro-machining,cases,medical-fixture,/cases/medical-fixture/,related_to
milling,cases,medical-fixture,/cases/medical-fixture/,related_to
ASTM F136,cases,medical-fixture,/cases/medical-fixture/,related_to
ISO 13485,cases,medical-fixture,/cases/medical-fixture/,related_to
grade-23-titanium,cases,medical-fixture,/cases/medical-fixture/,related_to
astm-f136,cases,medical-fixture,/cases/medical-fixture/,related_to
iso-13485,cases,medical-fixture,/cases/medical-fixture/,related_to
medical-titanium-components,cases,medical-fixture,/cases/medical-fixture/,related_to
grade-23-titanium-machining,cases,medical-fixture,/cases/medical-fixture/,related_to
titanium-cnc-machining,cases,medical-fixture,/cases/medical-fixture/,related_to
medical-implant,cases,medical-fixture,/cases/medical-fixture/,related_to
surgical-instrument,cases,medical-fixture,/cases/medical-fixture/,related_to
5-axis-tolerances,cases,medical-fixture,/cases/medical-fixture/,related_to
grade-23-material-properties,cases,medical-fixture,/cases/medical-fixture/,related_to
grade-5-vs-grade-23,cases,medical-fixture,/cases/medical-fixture/,related_to
DMG Mori NMV 5000,cases,medical-fixture,/cases/medical-fixture/,related_to
5-axis-machining,cases,medical-implant-fixture,/cases/medical-implant-fixture/,related_to
micro-machining,cases,medical-implant-fixture,/cases/medical-implant-fixture/,related_to
milling,cases,medical-implant-fixture,/cases/medical-implant-fixture/,related_to
ASTM F136,cases,medical-implant-fixture,/cases/medical-implant-fixture/,related_to
ISO 13485,cases,medical-implant-fixture,/cases/medical-implant-fixture/,related_to
grade-23-titanium,cases,medical-implant-fixture,/cases/medical-implant-fixture/,related_to
astm-f136,cases,medical-implant-fixture,/cases/medical-implant-fixture/,related_to
iso-13485,cases,medical-implant-fixture,/cases/medical-implant-fixture/,related_to
medical-titanium-components,cases,medical-implant-fixture,/cases/medical-implant-fixture/,related_to
grade-23-titanium-machining,cases,medical-implant-fixture,/cases/medical-implant-fixture/,related_to
titanium-cnc-machining,cases,medical-implant-fixture,/cases/medical-implant-fixture/,related_to
medical-implant,cases,medical-implant-fixture,/cases/medical-implant-fixture/,related_to
surgical-instrument,cases,medical-implant-fixture,/cases/medical-implant-fixture/,related_to
5-axis-tolerances,cases,medical-implant-fixture,/cases/medical-implant-fixture/,related_to
grade-23-material-properties,cases,medical-implant-fixture,/cases/medical-implant-fixture/,related_to
grade-5-vs-grade-23,cases,medical-implant-fixture,/cases/medical-implant-fixture/,related_to
DMG Mori NMV 5000,cases,medical-implant-fixture,/cases/medical-implant-fixture/,related_to
5-axis-machining,cases,orthopedic-component,/cases/orthopedic-component/,related_to
milling,cases,orthopedic-component,/cases/orthopedic-component/,related_to
polishing,cases,orthopedic-component,/cases/orthopedic-component/,related_to
ASTM F136,cases,orthopedic-component,/cases/orthopedic-component/,related_to
ISO 13485,cases,orthopedic-component,/cases/orthopedic-component/,related_to
ASTM B348,cases,orthopedic-component,/cases/orthopedic-component/,related_to
grade-23-titanium,cases,orthopedic-component,/cases/orthopedic-component/,related_to
astm-f136,cases,orthopedic-component,/cases/orthopedic-component/,related_to
iso-13485,cases,orthopedic-component,/cases/orthopedic-component/,related_to
astm-b348,cases,orthopedic-component,/cases/orthopedic-component/,related_to
medical-titanium-components,cases,orthopedic-component,/cases/orthopedic-component/,related_to
grade-23-titanium-machining,cases,orthopedic-component,/cases/orthopedic-component/,related_to
titanium-cnc-machining,cases,orthopedic-component,/cases/orthopedic-component/,related_to
bone-plate,cases,orthopedic-component,/cases/orthopedic-component/,related_to
dental-implant,cases,orthopedic-component,/cases/orthopedic-component/,related_to
grade-23-material-properties,cases,orthopedic-component,/cases/orthopedic-component/,related_to
5-axis-tolerances,cases,orthopedic-component,/cases/orthopedic-component/,related_to
grade-5-vs-grade-23,cases,orthopedic-component,/cases/orthopedic-component/,related_to
Mazak i500 5-Axis,cases,orthopedic-component,/cases/orthopedic-component/,related_to
cnc-machining,cases,semiconductor-vacuum-component,/cases/semiconductor-vacuum-component/,related_to
welding,cases,semiconductor-vacuum-component,/cases/semiconductor-vacuum-component/,related_to
turning,cases,semiconductor-vacuum-component,/cases/semiconductor-vacuum-component/,related_to
SEMI E67,cases,semiconductor-vacuum-component,/cases/semiconductor-vacuum-component/,related_to
ISO 2768-m,cases,semiconductor-vacuum-component,/cases/semiconductor-vacuum-component/,related_to
grade-2-titanium,cases,semiconductor-vacuum-component,/cases/semiconductor-vacuum-component/,related_to
semi-e67,cases,semiconductor-vacuum-component,/cases/semiconductor-vacuum-component/,related_to
iso-2768,cases,semiconductor-vacuum-component,/cases/semiconductor-vacuum-component/,related_to
semiconductor-titanium-parts,cases,semiconductor-vacuum-component,/cases/semiconductor-vacuum-component/,related_to
titanium-cnc-machining,cases,semiconductor-vacuum-component,/cases/semiconductor-vacuum-component/,related_to
vacuum-chamber,cases,semiconductor-vacuum-component,/cases/semiconductor-vacuum-component/,related_to
wafer-fixture,cases,semiconductor-vacuum-component,/cases/semiconductor-vacuum-component/,related_to
grade-23-material-properties,cases,semiconductor-vacuum-component,/cases/semiconductor-vacuum-component/,related_to
DMG Mori CLX 350,cases,semiconductor-vacuum-component,/cases/semiconductor-vacuum-component/,related_to
CNC milling center,cases,semiconductor-vacuum-component,/cases/semiconductor-vacuum-component/,related_to
5-axis-machining,cases,thin-wall-aerospace-housing,/cases/thin-wall-aerospace-housing/,related_to
cnc-machining,cases,thin-wall-aerospace-housing,/cases/thin-wall-aerospace-housing/,related_to
milling,cases,thin-wall-aerospace-housing,/cases/thin-wall-aerospace-housing/,related_to
AS9100D,cases,thin-wall-aerospace-housing,/cases/thin-wall-aerospace-housing/,related_to
ISO 2768-f,cases,thin-wall-aerospace-housing,/cases/thin-wall-aerospace-housing/,related_to
grade-5-titanium,cases,thin-wall-aerospace-housing,/cases/thin-wall-aerospace-housing/,related_to
as9100d,cases,thin-wall-aerospace-housing,/cases/thin-wall-aerospace-housing/,related_to
iso-2768,cases,thin-wall-aerospace-housing,/cases/thin-wall-aerospace-housing/,related_to
aerospace-titanium-components,cases,thin-wall-aerospace-housing,/cases/thin-wall-aerospace-housing/,related_to
titanium-cnc-machining,cases,thin-wall-aerospace-housing,/cases/thin-wall-aerospace-housing/,related_to
aerospace-housing,cases,thin-wall-aerospace-housing,/cases/thin-wall-aerospace-housing/,related_to
thin-wall-machining,cases,thin-wall-aerospace-housing,/cases/thin-wall-aerospace-housing/,related_to
5-axis-tolerances,cases,thin-wall-aerospace-housing,/cases/thin-wall-aerospace-housing/,related_to
grade-5-milling-parameters,cases,thin-wall-aerospace-housing,/cases/thin-wall-aerospace-housing/,related_to
5-axis-vs-3-axis-machining,cases,thin-wall-aerospace-housing,/cases/thin-wall-aerospace-housing/,related_to
Mazak i700 5-Axis,cases,thin-wall-aerospace-housing,/cases/thin-wall-aerospace-housing/,related_to