file,collection,slug,words,tables,quickAnswer,dataPoints,source,score
src\content\core\materials\grade-1-titanium.md,materials,grade-1-titanium,233,1,1,0,0,55
src\content\core\materials\grade-11-titanium.md,materials,grade-11-titanium,114,1,1,0,0,55
src\content\core\materials\grade-12-titanium.md,materials,grade-12-titanium,113,1,1,0,0,55
src\content\core\materials\grade-2-titanium.md,materials,grade-2-titanium,453,1,1,0,0,60
src\content\core\materials\grade-23-titanium.md,materials,grade-23-titanium,546,1,1,0,0,60
src\content\core\materials\grade-3-titanium.md,materials,grade-3-titanium,197,1,1,0,0,55
src\content\core\materials\grade-4-titanium.md,materials,grade-4-titanium,180,1,1,0,0,55
src\content\core\materials\grade-5-titanium.md,materials,grade-5-titanium,516,1,1,0,0,60
src\content\core\materials\grade-7-titanium.md,materials,grade-7-titanium,155,1,1,0,0,55
src\content\core\materials\grade-9-titanium.md,materials,grade-9-titanium,530,1,1,0,0,60
src\content\core\materials\ta15-titanium.md,materials,ta15-titanium,112,1,1,0,0,55
src\content\core\materials\ti-10v-2fe-3al.md,materials,ti-10v-2fe-3al,110,1,1,0,0,55
src\content\core\materials\ti-5al-2sn.md,materials,ti-5al-2sn,114,1,1,0,0,55
src\content\core\materials\ti-6al-2sn-4zr-2mo.md,materials,ti-6al-2sn-4zr-2mo,119,1,1,0,0,55
src\content\core\processes\5-axis-machining.md,processes,5-axis-machining,365,1,1,0,0,45
src\content\core\processes\cnc-machining.md,processes,cnc-machining,321,1,1,0,0,40
src\content\core\processes\cnc-milling.md,processes,cnc-milling,217,1,1,0,0,40
src\content\core\processes\cnc-turning.md,processes,cnc-turning,469,1,1,0,0,45
src\content\core\processes\dmls-vs-ebm.md,processes,dmls-vs-ebm,49,1,1,0,0,45
src\content\core\processes\dmls.md,processes,dmls,557,1,1,0,0,45
src\content\core\processes\edm.md,processes,edm,214,1,1,0,0,40
src\content\core\processes\hot-isostatic-pressing.md,processes,hot-isostatic-pressing,188,1,1,0,0,40
src\content\core\processes\laser-cutting.md,processes,laser-cutting,211,1,1,0,0,40
src\content\core\processes\titanium-casting.md,processes,titanium-casting,36,1,1,0,0,45
src\content\core\processes\titanium-forging.md,processes,titanium-forging,43,1,1,0,0,45
src\content\core\processes\titanium-sheet-metal.md,processes,titanium-sheet-metal,52,1,1,0,0,45
src\content\core\processes\titanium-welding.md,processes,titanium-welding,54,1,1,0,0,45
src\content\core\processes\waterjet-cutting.md,processes,waterjet-cutting,195,1,1,0,0,40
src\content\core\processes\wire-edm.md,processes,wire-edm,482,1,1,0,0,45
src\content\core\industries\aerospace-titanium-parts.md,industries,aerospace-titanium-parts,119,0,1,0,0,35
src\content\core\industries\automotive.md,industries,automotive,91,0,1,0,0,30
src\content\core\industries\chemical-processing.md,industries,chemical-processing,116,0,1,0,0,30
src\content\core\industries\defence.md,industries,defence,105,0,1,0,0,30
src\content\core\industries\marine.md,industries,marine,108,0,1,0,0,30
src\content\core\industries\medical-device.md,industries,medical-device,120,0,1,0,0,30
src\content\core\industries\oil-and-gas.md,industries,oil-and-gas,98,0,1,0,0,30
src\content\core\industries\semiconductor-manufacturing.md,industries,semiconductor-manufacturing,100,0,1,0,0,30
src\content\core\standards\ams-4911.md,standards,ams-4911,72,0,1,0,0,30
src\content\core\standards\ams-4928.md,standards,ams-4928,98,0,1,0,0,30
src\content\core\standards\ams-4965.md,standards,ams-4965,72,0,1,0,0,30
src\content\core\standards\as9100d.md,standards,as9100d,493,1,1,0,0,50
src\content\core\standards\astm-b265.md,standards,astm-b265,495,1,1,0,0,50
src\content\core\standards\astm-b348.md,standards,astm-b348,460,1,1,0,0,50
src\content\core\standards\astm-b381.md,standards,astm-b381,105,0,1,0,0,30
src\content\core\standards\astm-f136.md,standards,astm-f136,517,1,1,0,0,50
src\content\core\standards\astm-f2066.md,standards,astm-f2066,79,0,1,0,0,30
src\content\core\standards\iso-13485.md,standards,iso-13485,546,1,1,0,0,50
src\content\core\standards\iso-9001.md,standards,iso-9001,73,0,1,0,0,30
src\content\core\standards\nadcap.md,standards,nadcap,80,0,1,0,0,30
src\content\core\surface-finishes\bead-blasting.md,surfaceFinishes,bead-blasting,155,1,1,0,0,40
src\content\core\surface-finishes\chemical-etching.md,surfaceFinishes,chemical-etching,127,0,1,0,0,30
src\content\core\surface-finishes\electropolishing.md,surfaceFinishes,electropolishing,126,0,1,0,0,30
src\content\core\surface-finishes\passivation.md,surfaceFinishes,passivation,144,0,1,0,0,30
src\content\core\surface-finishes\polishing.md,surfaceFinishes,polishing,129,1,1,0,0,40
src\content\core\surface-finishes\pvd-coating.md,surfaceFinishes,pvd-coating,130,0,1,0,0,30
src\content\core\surface-finishes\titanium-anodizing.md,surfaceFinishes,titanium-anodizing,30,0,1,0,0,35
src\content\core\material-selection\aerospace-titanium.md,materialSelection,aerospace-titanium,39,1,1,0,0,45
src\content\core\material-selection\grade-selection-guide.md,materialSelection,grade-selection-guide,54,1,1,0,0,45
src\content\core\material-selection\medical-grade-titanium.md,materialSelection,medical-grade-titanium,45,1,1,0,0,45
src\content\core\material-selection\titanium-grades-chart.md,materialSelection,titanium-grades-chart,54,1,1,0,0,45
src\content\core\material-selection\titanium-vs-316-stainless.md,materialSelection,titanium-vs-316-stainless,43,1,1,0,0,45
src\content\core\material-selection\titanium-vs-aluminum.md,materialSelection,titanium-vs-aluminum,43,1,1,0,0,45
src\content\core\material-selection\titanium-vs-carbon-steel.md,materialSelection,titanium-vs-carbon-steel,49,1,1,0,0,45
src\content\core\material-selection\titanium-vs-inconel.md,materialSelection,titanium-vs-inconel,43,1,1,0,0,45
src\content\core\failure-analysis\alpha-case.md,failureAnalysis,alpha-case,42,1,1,0,0,45
src\content\core\failure-analysis\fatigue.md,failureAnalysis,fatigue,56,1,1,0,0,45
src\content\core\failure-analysis\hydrogen-embritlement.md,failureAnalysis,hydrogen-embritlement,48,1,1,0,0,45
src\content\core\failure-analysis\machining-defects.md,failureAnalysis,machining-defects,54,1,1,0,0,45
src\content\core\failure-analysis\overview.md,failureAnalysis,overview,42,1,1,0,0,45
src\content\core\failure-analysis\welding-defects.md,failureAnalysis,welding-defects,36,1,1,0,0,45
src\content\core\heat-treatment\annealing.md,heatTreatment,annealing,60,1,1,0,0,45
src\content\core\heat-treatment\defects.md,heatTreatment,defects,45,1,1,0,0,45
src\content\core\heat-treatment\grade-guide.md,heatTreatment,grade-guide,56,1,1,0,0,45
src\content\core\heat-treatment\overview.md,heatTreatment,overview,70,1,1,0,0,45
src\content\core\heat-treatment\solution-treatment-aging.md,heatTreatment,solution-treatment-aging,58,1,1,0,0,45
src\content\core\heat-treatment\stress-relief.md,heatTreatment,stress-relief,40,1,1,0,0,45
src\content\core\corrosion\acid-resistance.md,corrosion,acid-resistance,48,1,1,0,0,45
src\content\core\corrosion\chloride-scc.md,corrosion,chloride-scc,38,0,1,0,0,35
src\content\core\corrosion\galvanic.md,corrosion,galvanic,34,1,1,0,0,45
src\content\core\corrosion\overview.md,corrosion,overview,48,1,1,0,0,45
src\content\core\corrosion\prevention.md,corrosion,prevention,31,1,1,0,0,45
src\content\core\corrosion\seawater.md,corrosion,seawater,38,1,1,0,0,45
src\content\derived\evidence\5-axis-machining-data.md,evidence,5-axis-machining-data,87,1,0,0,0,30
src\content\derived\evidence\5-axis-tolerances.md,evidence,5-axis-tolerances,219,1,1,1,1,80
src\content\derived\evidence\bead-blasting-surface-roughness.md,evidence,bead-blasting-surface-roughness,201,1,1,1,1,80
src\content\derived\evidence\cnc-turning-parameters.md,evidence,cnc-turning-parameters,91,1,0,0,0,30
src\content\derived\evidence\dmls-parameters.md,evidence,dmls-parameters,92,1,0,0,0,30
src\content\derived\evidence\grade-1-properties.md,evidence,grade-1-properties,59,1,0,0,0,30
src\content\derived\evidence\grade-12-properties.md,evidence,grade-12-properties,46,1,0,0,0,30
src\content\derived\evidence\grade-2-properties.md,evidence,grade-2-properties,94,1,0,0,0,30
src\content\derived\evidence\grade-23-material-properties.md,evidence,grade-23-material-properties,213,1,1,1,1,80
src\content\derived\evidence\grade-3-properties.md,evidence,grade-3-properties,50,1,0,0,0,30
src\content\derived\evidence\grade-4-properties.md,evidence,grade-4-properties,50,1,0,0,0,30
src\content\derived\evidence\grade-5-milling-parameters.md,evidence,grade-5-milling-parameters,199,1,1,1,1,80
src\content\derived\evidence\grade-5-milling-roughing-data.md,evidence,grade-5-milling-roughing-data,75,1,0,0,0,30
src\content\derived\evidence\grade-5-turning-parameters.md,evidence,grade-5-turning-parameters,82,1,0,0,0,30
src\content\derived\evidence\grade-7-properties.md,evidence,grade-7-properties,47,1,0,0,0,30
src\content\derived\evidence\grade-9-properties.md,evidence,grade-9-properties,70,1,0,0,0,30
src\content\derived\evidence\machining-tolerances.md,evidence,machining-tolerances,127,1,0,0,0,30
src\content\derived\evidence\surface-finish-comparison.md,evidence,surface-finish-comparison,103,1,0,0,0,30
src\content\derived\evidence\ti-10-2-3-properties.md,evidence,ti-10-2-3-properties,50,1,0,0,0,30
src\content\derived\evidence\ti-6al-4v-hardness-data.md,evidence,ti-6al-4v-hardness-data,81,1,0,0,0,30
src\content\derived\evidence\ti-6al-4v-material-properties.md,evidence,ti-6al-4v-material-properties,325,1,1,1,1,80
src\content\derived\evidence\titanium-anodizing-properties.md,evidence,titanium-anodizing-properties,98,1,0,0,0,30
src\content\derived\evidence\titanium-corrosion-data.md,evidence,titanium-corrosion-data,82,1,0,0,0,30
src\content\derived\evidence\titanium-cost-data.md,evidence,titanium-cost-data,109,1,0,0,0,30
src\content\derived\evidence\titanium-drilling-data.md,evidence,titanium-drilling-data,111,1,0,0,0,30
src\content\derived\evidence\titanium-fatigue-data.md,evidence,titanium-fatigue-data,87,1,0,0,0,30
src\content\derived\evidence\titanium-inspection-data.md,evidence,titanium-inspection-data,109,1,0,0,0,30
src\content\derived\evidence\titanium-surface-roughness-standards.md,evidence,titanium-surface-roughness-standards,74,1,0,0,0,30
src\content\derived\evidence\titanium-welding-data.md,evidence,titanium-welding-data,148,1,0,0,0,30
src\content\derived\evidence\wire-edm-parameters.md,evidence,wire-edm-parameters,113,1,0,0,0,30
src\content\derived\comparisons\5-axis-vs-3-axis-machining.md,comparisons,5-axis-vs-3-axis-machining,95,1,0,0,0,30
src\content\derived\comparisons\anodizing-vs-passivation.md,comparisons,anodizing-vs-passivation,84,1,0,0,0,30
src\content\derived\comparisons\cnc-machining-vs-dmls.md,comparisons,cnc-machining-vs-dmls,398,1,1,0,0,45
src\content\derived\comparisons\cp-titanium-vs-alloy-titanium.md,comparisons,cp-titanium-vs-alloy-titanium,82,1,0,0,0,30
src\content\derived\comparisons\grade-2-vs-grade-5.md,comparisons,grade-2-vs-grade-5,157,1,1,0,0,40
src\content\derived\comparisons\grade-2-vs-grade-9.md,comparisons,grade-2-vs-grade-9,87,1,0,0,0,30
src\content\derived\comparisons\grade-5-vs-grade-23.md,comparisons,grade-5-vs-grade-23,486,1,1,0,0,55
src\content\derived\comparisons\grade-5-vs-stainless-304.md,comparisons,grade-5-vs-stainless-304,89,1,0,0,0,30
src\content\derived\comparisons\grade-5-vs-ti-6242.md,comparisons,grade-5-vs-ti-6242,82,1,0,0,0,30
src\content\derived\comparisons\grade-9-vs-grade-5.md,comparisons,grade-9-vs-grade-5,92,1,0,0,0,30
src\content\derived\comparisons\titanium-vs-aluminum.md,comparisons,titanium-vs-aluminum,83,1,0,0,0,30
src\content\derived\comparisons\titanium-vs-carbon-fiber.md,comparisons,titanium-vs-carbon-fiber,94,1,0,0,0,30
src\content\derived\comparisons\titanium-vs-inconel-718.md,comparisons,titanium-vs-inconel-718,347,1,1,0,0,50
src\content\derived\comparisons\titanium-vs-stainless-316l.md,comparisons,titanium-vs-stainless-316l,101,1,0,0,0,30
src\content\derived\comparisons\vacuum-vs-atmosphere-heat-treat.md,comparisons,vacuum-vs-atmosphere-heat-treat,85,1,0,0,0,30
src\content\derived\comparisons\wire-edm-vs-laser-cutting.md,comparisons,wire-edm-vs-laser-cutting,118,1,0,0,0,30
src\content\derived\procurement\as9100d-documentation.md,procurement,as9100d-documentation,0,0,1,0,0,30
src\content\derived\procurement\cad-file-requirements.md,procurement,cad-file-requirements,0,0,1,0,0,30
src\content\derived\procurement\cmm-inspection.md,procurement,cmm-inspection,0,0,1,0,0,30
src\content\derived\procurement\coa-vs-coc.md,procurement,coa-vs-coc,0,0,1,0,0,30
src\content\derived\procurement\drawing-best-practices.md,procurement,drawing-best-practices,0,0,1,0,0,30
src\content\derived\procurement\export-packaging.md,procurement,export-packaging,0,0,1,0,0,30
src\content\derived\procurement\fai-guide.md,procurement,fai-guide,0,0,1,0,0,30
src\content\derived\procurement\how-to-submit-rfq.md,procurement,how-to-submit-rfq,7,0,1,0,0,30
src\content\derived\procurement\incoterms-guide.md,procurement,incoterms-guide,0,0,1,0,0,30
src\content\derived\procurement\inspection-report-guide.md,procurement,inspection-report-guide,0,0,1,0,0,30
src\content\derived\procurement\material-certification-guide.md,procurement,material-certification-guide,31,0,1,0,0,30
src\content\derived\procurement\mill-test-report-guide.md,procurement,mill-test-report-guide,0,0,1,0,0,30
src\content\derived\procurement\moq-for-titanium-parts.md,procurement,moq-for-titanium-parts,29,0,1,0,0,30
src\content\derived\procurement\payment-terms.md,procurement,payment-terms,0,0,1,0,0,30
src\content\derived\procurement\ppap-for-titanium-parts.md,procurement,ppap-for-titanium-parts,0,0,1,0,0,30
src\content\derived\procurement\production-lead-time.md,procurement,production-lead-time,0,0,1,0,0,30
src\content\derived\procurement\prototype-lead-time.md,procurement,prototype-lead-time,0,0,1,0,0,30
src\content\derived\procurement\rfq-checklist.md,procurement,rfq-checklist,26,0,1,0,0,40
src\content\derived\procurement\risk-management.md,procurement,risk-management,0,0,1,0,0,30
src\content\derived\procurement\supplier-qualification.md,procurement,supplier-qualification,0,0,1,0,0,30
src\content\derived\procurement\titanium-bar-stock-guide.md,procurement,titanium-bar-stock-guide,81,0,0,0,0,20
src\content\derived\procurement\titanium-cnc-lead-time.md,procurement,titanium-cnc-lead-time,20,0,1,0,0,30
src\content\derived\procurement\titanium-forging-guide.md,procurement,titanium-forging-guide,98,0,0,0,0,20
src\content\derived\procurement\titanium-plate-stock-guide.md,procurement,titanium-plate-stock-guide,71,0,0,0,0,20
src\content\derived\procurement\titanium-tube-specifications.md,procurement,titanium-tube-specifications,74,0,0,0,0,20
src\content\derived\guides\anodizing-guide.md,guides,anodizing-guide,77,0,0,0,0,20
src\content\derived\guides\dfm-titanium-guide.md,guides,dfm-titanium-guide,96,0,0,0,0,20
src\content\derived\guides\grade-2-guide.md,guides,grade-2-guide,82,0,0,0,0,20
src\content\derived\guides\grade-23-guide.md,guides,grade-23-guide,79,0,0,0,0,20
src\content\derived\guides\grade-5-guide.md,guides,grade-5-guide,90,0,0,0,0,20
src\content\derived\guides\grade-selection-guide.md,guides,grade-selection-guide,92,0,0,0,0,20
src\content\derived\guides\procurement-guide.md,guides,procurement-guide,75,0,0,0,0,20
src\content\derived\guides\surface-finish-guide.md,guides,surface-finish-guide,60,0,0,0,0,20
src\content\derived\guides\titanium-heat-treatment-guide.md,guides,titanium-heat-treatment-guide,74,0,0,0,0,20
src\content\derived\guides\titanium-machining-cost-reduction.md,guides,titanium-machining-cost-reduction,77,0,0,0,0,20
src\content\derived\guides\welding-titanium-guide.md,guides,welding-titanium-guide,81,0,0,0,0,20
src\content\derived\cases\5-axis-structural-bracket.md,cases,5-axis-structural-bracket,0,0,0,0,0,25
src\content\derived\cases\aerospace-bracket-case.md,cases,aerospace-bracket-case,92,0,0,0,0,20
src\content\derived\cases\aerospace-thin-wall-housing.md,cases,aerospace-thin-wall-housing,0,0,0,0,0,25
src\content\derived\cases\complex-5-axis-titanium-bracket.md,cases,complex-5-axis-titanium-bracket,0,0,0,0,0,25
src\content\derived\cases\grade-23-orthopedic-component.md,cases,grade-23-orthopedic-component,0,0,0,0,0,25
src\content\derived\cases\medical-fixture.md,cases,medical-fixture,0,0,0,0,0,25
src\content\derived\cases\medical-implant-dmls-case.md,cases,medical-implant-dmls-case,98,0,0,0,0,20
src\content\derived\cases\medical-implant-fixture.md,cases,medical-implant-fixture,0,0,0,0,0,25
src\content\derived\cases\medical-instrument-case.md,cases,medical-instrument-case,81,0,0,0,0,20
src\content\derived\cases\oil-gas-downhole-case.md,cases,oil-gas-downhole-case,90,0,0,0,0,20
src\content\derived\cases\orthopedic-component.md,cases,orthopedic-component,0,0,0,0,0,25
src\content\derived\cases\semiconductor-chamber-case.md,cases,semiconductor-chamber-case,89,0,0,0,0,20
src\content\derived\cases\semiconductor-vacuum-component.md,cases,semiconductor-vacuum-component,0,0,0,0,0,25
src\content\derived\cases\thin-wall-aerospace-housing.md,cases,thin-wall-aerospace-housing,0,0,0,0,0,25
src\content\derived\cases\titanium-exhaust-system.md,cases,titanium-exhaust-system,98,0,0,0,0,20
src\content\applications\aerospace-structural.md,applications,aerospace-structural,113,1,0,0,0,30
src\content\applications\industrial-components.md,applications,industrial-components,112,1,0,0,0,30
src\content\applications\medical-implants.md,applications,medical-implants,116,1,0,0,0,30
src\content\applications\semiconductor-vacuum.md,applications,semiconductor-vacuum,104,1,0,0,0,30
src\content\site\blog\getting-started.md,blog,getting-started,255,0,0,0,0,25
src\content\site\blog\seo-multilingual.md,blog,seo-multilingual,262,0,0,0,0,20
src\content\site\blog\welcome.md,blog,welcome,30,0,0,0,0,20
src\content\site\faqs\content.json,faqs,content,48,0,0,0,0,20
src\content\site\faqs\customization.json,faqs,customization,50,0,0,0,0,20