source_url,target_entity,anchor,relationship,source_entity,contextual_relevance
/grades/grade-1-titanium/,forming,grade-1-titanium,related_to,grade-1-titanium,high
/grades/grade-1-titanium/,welding,grade-1-titanium,related_to,grade-1-titanium,high
/grades/grade-1-titanium/,cnc-machining,grade-1-titanium,related_to,grade-1-titanium,high
/grades/grade-1-titanium/,milling,grade-1-titanium,related_to,grade-1-titanium,high
/grades/grade-1-titanium/,turning,grade-1-titanium,related_to,grade-1-titanium,high
/grades/grade-1-titanium/,chemical-processing,grade-1-titanium,related_to,grade-1-titanium,high
/grades/grade-1-titanium/,medical,grade-1-titanium,related_to,grade-1-titanium,high
/grades/grade-1-titanium/,marine,grade-1-titanium,related_to,grade-1-titanium,high
/grades/grade-1-titanium/,aerospace,grade-1-titanium,related_to,grade-1-titanium,high
/grades/grade-1-titanium/,architectural,grade-1-titanium,related_to,grade-1-titanium,high
/grades/grade-1-titanium/,ASTM B265,grade-1-titanium,related_to,grade-1-titanium,high
/grades/grade-1-titanium/,ASTM B348,grade-1-titanium,related_to,grade-1-titanium,high
/grades/grade-1-titanium/,ASTM B381,grade-1-titanium,related_to,grade-1-titanium,high
/grades/grade-1-titanium/,ISO 5832-2,grade-1-titanium,related_to,grade-1-titanium,high
/grades/grade-1-titanium/,anodizing,grade-1-titanium,related_to,grade-1-titanium,high
/grades/grade-1-titanium/,passivation,grade-1-titanium,related_to,grade-1-titanium,high
/grades/grade-1-titanium/,polishing,grade-1-titanium,related_to,grade-1-titanium,high
/grades/grade-1-titanium/,AS9100D,grade-1-titanium,related_to,grade-1-titanium,high
/grades/grade-1-titanium/,ISO 9001,grade-1-titanium,related_to,grade-1-titanium,high
/grades/grade-1-titanium/,PED,grade-1-titanium,related_to,grade-1-titanium,high
/grades/grade-11-titanium/,forming,grade-11-titanium,related_to,grade-11-titanium,high
/grades/grade-11-titanium/,welding,grade-11-titanium,related_to,grade-11-titanium,high
/grades/grade-11-titanium/,cnc-machining,grade-11-titanium,related_to,grade-11-titanium,high
/grades/grade-11-titanium/,chemical-processing,grade-11-titanium,related_to,grade-11-titanium,high
/grades/grade-11-titanium/,oil-and-gas,grade-11-titanium,related_to,grade-11-titanium,high
/grades/grade-11-titanium/,marine,grade-11-titanium,related_to,grade-11-titanium,high
/grades/grade-11-titanium/,ASTM B265,grade-11-titanium,related_to,grade-11-titanium,high
/grades/grade-11-titanium/,ASTM B348,grade-11-titanium,related_to,grade-11-titanium,high
/grades/grade-11-titanium/,ASTM B381,grade-11-titanium,related_to,grade-11-titanium,high
/grades/grade-11-titanium/,passivation,grade-11-titanium,related_to,grade-11-titanium,high
/grades/grade-11-titanium/,anodizing,grade-11-titanium,related_to,grade-11-titanium,high
/grades/grade-11-titanium/,ASME BPV Code,grade-11-titanium,related_to,grade-11-titanium,high
/grades/grade-11-titanium/,ISO 9001,grade-11-titanium,related_to,grade-11-titanium,high
/grades/grade-12-titanium/,cnc-machining,grade-12-titanium,related_to,grade-12-titanium,high
/grades/grade-12-titanium/,milling,grade-12-titanium,related_to,grade-12-titanium,high
/grades/grade-12-titanium/,turning,grade-12-titanium,related_to,grade-12-titanium,high
/grades/grade-12-titanium/,welding,grade-12-titanium,related_to,grade-12-titanium,high
/grades/grade-12-titanium/,forming,grade-12-titanium,related_to,grade-12-titanium,high
/grades/grade-12-titanium/,chemical-processing,grade-12-titanium,related_to,grade-12-titanium,high
/grades/grade-12-titanium/,oil-and-gas,grade-12-titanium,related_to,grade-12-titanium,high
/grades/grade-12-titanium/,marine,grade-12-titanium,related_to,grade-12-titanium,high
/grades/grade-12-titanium/,energy,grade-12-titanium,related_to,grade-12-titanium,high
/grades/grade-12-titanium/,ASTM B265,grade-12-titanium,related_to,grade-12-titanium,high
/grades/grade-12-titanium/,ASTM B348,grade-12-titanium,related_to,grade-12-titanium,high
/grades/grade-12-titanium/,ASME SB265,grade-12-titanium,related_to,grade-12-titanium,high
/grades/grade-12-titanium/,passivation,grade-12-titanium,related_to,grade-12-titanium,high
/grades/grade-12-titanium/,anodizing,grade-12-titanium,related_to,grade-12-titanium,high
/grades/grade-12-titanium/,ASME BPV Code,grade-12-titanium,related_to,grade-12-titanium,high
/grades/grade-12-titanium/,NACE MR0175,grade-12-titanium,related_to,grade-12-titanium,high
/grades/grade-12-titanium/,ISO 9001,grade-12-titanium,related_to,grade-12-titanium,high
/grades/grade-2-titanium/,cnc-machining,grade-2-titanium,related_to,grade-2-titanium,high
/grades/grade-2-titanium/,milling,grade-2-titanium,related_to,grade-2-titanium,high
/grades/grade-2-titanium/,turning,grade-2-titanium,related_to,grade-2-titanium,high
/grades/grade-2-titanium/,wire-edm,grade-2-titanium,related_to,grade-2-titanium,high
/grades/grade-2-titanium/,forming,grade-2-titanium,related_to,grade-2-titanium,high
/grades/grade-2-titanium/,welding,grade-2-titanium,related_to,grade-2-titanium,high
/grades/grade-2-titanium/,aerospace,grade-2-titanium,related_to,grade-2-titanium,high
/grades/grade-2-titanium/,chemical-processing,grade-2-titanium,related_to,grade-2-titanium,high
/grades/grade-2-titanium/,marine,grade-2-titanium,related_to,grade-2-titanium,high
/grades/grade-2-titanium/,industrial,grade-2-titanium,related_to,grade-2-titanium,high
/grades/grade-2-titanium/,energy,grade-2-titanium,related_to,grade-2-titanium,high
/grades/grade-2-titanium/,ASTM B265,grade-2-titanium,related_to,grade-2-titanium,high
/grades/grade-2-titanium/,ASTM B348,grade-2-titanium,related_to,grade-2-titanium,high
/grades/grade-2-titanium/,ASTM B381,grade-2-titanium,related_to,grade-2-titanium,high
/grades/grade-2-titanium/,anodizing,grade-2-titanium,related_to,grade-2-titanium,high
/grades/grade-2-titanium/,passivation,grade-2-titanium,related_to,grade-2-titanium,high
/grades/grade-2-titanium/,polishing,grade-2-titanium,related_to,grade-2-titanium,high
/grades/grade-2-titanium/,AS9100D,grade-2-titanium,related_to,grade-2-titanium,high
/grades/grade-2-titanium/,ISO 9001,grade-2-titanium,related_to,grade-2-titanium,high
/grades/grade-2-titanium/,PED,grade-2-titanium,related_to,grade-2-titanium,high
/grades/grade-23-titanium/,cnc-machining,grade-23-titanium,related_to,grade-23-titanium,high
/grades/grade-23-titanium/,5-axis-machining,grade-23-titanium,related_to,grade-23-titanium,high
/grades/grade-23-titanium/,milling,grade-23-titanium,related_to,grade-23-titanium,high
/grades/grade-23-titanium/,turning,grade-23-titanium,related_to,grade-23-titanium,high
/grades/grade-23-titanium/,wire-edm,grade-23-titanium,related_to,grade-23-titanium,high
/grades/grade-23-titanium/,additive-manufacturing,grade-23-titanium,related_to,grade-23-titanium,high
/grades/grade-23-titanium/,medical,grade-23-titanium,related_to,grade-23-titanium,high
/grades/grade-23-titanium/,aerospace,grade-23-titanium,related_to,grade-23-titanium,high
/grades/grade-23-titanium/,semiconductor,grade-23-titanium,related_to,grade-23-titanium,high
/grades/grade-23-titanium/,ASTM F136,grade-23-titanium,related_to,grade-23-titanium,high
/grades/grade-23-titanium/,ASTM B348,grade-23-titanium,related_to,grade-23-titanium,high
/grades/grade-23-titanium/,ASTM B265,grade-23-titanium,related_to,grade-23-titanium,high
/grades/grade-23-titanium/,ISO 5832-3,grade-23-titanium,related_to,grade-23-titanium,high
/grades/grade-23-titanium/,anodizing,grade-23-titanium,related_to,grade-23-titanium,high
/grades/grade-23-titanium/,electropolishing,grade-23-titanium,related_to,grade-23-titanium,high
/grades/grade-23-titanium/,passivation,grade-23-titanium,related_to,grade-23-titanium,high
/grades/grade-23-titanium/,polishing,grade-23-titanium,related_to,grade-23-titanium,high
/grades/grade-23-titanium/,bead-blasting,grade-23-titanium,related_to,grade-23-titanium,high
/grades/grade-23-titanium/,ISO 13485,grade-23-titanium,related_to,grade-23-titanium,high
/grades/grade-23-titanium/,AS9100D,grade-23-titanium,related_to,grade-23-titanium,high
/grades/grade-23-titanium/,NADCAP,grade-23-titanium,related_to,grade-23-titanium,high
/grades/grade-23-titanium/,FDA 21 CFR 820,grade-23-titanium,related_to,grade-23-titanium,high
/grades/grade-3-titanium/,cnc-machining,grade-3-titanium,related_to,grade-3-titanium,high
/grades/grade-3-titanium/,milling,grade-3-titanium,related_to,grade-3-titanium,high
/grades/grade-3-titanium/,turning,grade-3-titanium,related_to,grade-3-titanium,high
/grades/grade-3-titanium/,forming,grade-3-titanium,related_to,grade-3-titanium,high
/grades/grade-3-titanium/,welding,grade-3-titanium,related_to,grade-3-titanium,high
/grades/grade-3-titanium/,chemical-processing,grade-3-titanium,related_to,grade-3-titanium,high
/grades/grade-3-titanium/,marine,grade-3-titanium,related_to,grade-3-titanium,high
/grades/grade-3-titanium/,industrial,grade-3-titanium,related_to,grade-3-titanium,high
/grades/grade-3-titanium/,energy,grade-3-titanium,related_to,grade-3-titanium,high
/grades/grade-3-titanium/,aerospace,grade-3-titanium,related_to,grade-3-titanium,high
/grades/grade-3-titanium/,ASTM B265,grade-3-titanium,related_to,grade-3-titanium,high
/grades/grade-3-titanium/,ASTM B348,grade-3-titanium,related_to,grade-3-titanium,high
/grades/grade-3-titanium/,ASTM B381,grade-3-titanium,related_to,grade-3-titanium,high
/grades/grade-3-titanium/,anodizing,grade-3-titanium,related_to,grade-3-titanium,high
/grades/grade-3-titanium/,passivation,grade-3-titanium,related_to,grade-3-titanium,high
/grades/grade-3-titanium/,polishing,grade-3-titanium,related_to,grade-3-titanium,high
/grades/grade-3-titanium/,AS9100D,grade-3-titanium,related_to,grade-3-titanium,high
/grades/grade-3-titanium/,ISO 9001,grade-3-titanium,related_to,grade-3-titanium,high
/grades/grade-4-titanium/,cnc-machining,grade-4-titanium,related_to,grade-4-titanium,high
/grades/grade-4-titanium/,milling,grade-4-titanium,related_to,grade-4-titanium,high
/grades/grade-4-titanium/,turning,grade-4-titanium,related_to,grade-4-titanium,high
/grades/grade-4-titanium/,forming,grade-4-titanium,related_to,grade-4-titanium,high
/grades/grade-4-titanium/,welding,grade-4-titanium,related_to,grade-4-titanium,high
/grades/grade-4-titanium/,medical,grade-4-titanium,related_to,grade-4-titanium,high
/grades/grade-4-titanium/,chemical-processing,grade-4-titanium,related_to,grade-4-titanium,high
/grades/grade-4-titanium/,aerospace,grade-4-titanium,related_to,grade-4-titanium,high
/grades/grade-4-titanium/,industrial,grade-4-titanium,related_to,grade-4-titanium,high
/grades/grade-4-titanium/,marine,grade-4-titanium,related_to,grade-4-titanium,high
/grades/grade-4-titanium/,ASTM B265,grade-4-titanium,related_to,grade-4-titanium,high
/grades/grade-4-titanium/,ASTM B348,grade-4-titanium,related_to,grade-4-titanium,high
/grades/grade-4-titanium/,ASTM B381,grade-4-titanium,related_to,grade-4-titanium,high
/grades/grade-4-titanium/,ASTM F67,grade-4-titanium,related_to,grade-4-titanium,high
/grades/grade-4-titanium/,anodizing,grade-4-titanium,related_to,grade-4-titanium,high
/grades/grade-4-titanium/,passivation,grade-4-titanium,related_to,grade-4-titanium,high
/grades/grade-4-titanium/,polishing,grade-4-titanium,related_to,grade-4-titanium,high
/grades/grade-4-titanium/,AS9100D,grade-4-titanium,related_to,grade-4-titanium,high
/grades/grade-4-titanium/,ISO 9001,grade-4-titanium,related_to,grade-4-titanium,high
/grades/grade-4-titanium/,ISO 13485,grade-4-titanium,related_to,grade-4-titanium,high
/grades/grade-5-titanium/,cnc-machining,grade-5-titanium,related_to,grade-5-titanium,high
/grades/grade-5-titanium/,5-axis-machining,grade-5-titanium,related_to,grade-5-titanium,high
/grades/grade-5-titanium/,milling,grade-5-titanium,related_to,grade-5-titanium,high
/grades/grade-5-titanium/,turning,grade-5-titanium,related_to,grade-5-titanium,high
/grades/grade-5-titanium/,wire-edm,grade-5-titanium,related_to,grade-5-titanium,high
/grades/grade-5-titanium/,additive-manufacturing,grade-5-titanium,related_to,grade-5-titanium,high
/grades/grade-5-titanium/,welding,grade-5-titanium,related_to,grade-5-titanium,high
/grades/grade-5-titanium/,aerospace,grade-5-titanium,related_to,grade-5-titanium,high
/grades/grade-5-titanium/,medical,grade-5-titanium,related_to,grade-5-titanium,high
/grades/grade-5-titanium/,semiconductor,grade-5-titanium,related_to,grade-5-titanium,high
/grades/grade-5-titanium/,robotics,grade-5-titanium,related_to,grade-5-titanium,high
/grades/grade-5-titanium/,energy,grade-5-titanium,related_to,grade-5-titanium,high
/grades/grade-5-titanium/,automotive,grade-5-titanium,related_to,grade-5-titanium,high
/grades/grade-5-titanium/,ASTM B265,grade-5-titanium,related_to,grade-5-titanium,high
/grades/grade-5-titanium/,ASTM B348,grade-5-titanium,related_to,grade-5-titanium,high
/grades/grade-5-titanium/,ASTM F136,grade-5-titanium,related_to,grade-5-titanium,high
/grades/grade-5-titanium/,AMS 4911,grade-5-titanium,related_to,grade-5-titanium,high
/grades/grade-5-titanium/,AMS 4928,grade-5-titanium,related_to,grade-5-titanium,high
/grades/grade-5-titanium/,anodizing,grade-5-titanium,related_to,grade-5-titanium,high
/grades/grade-5-titanium/,bead-blasting,grade-5-titanium,related_to,grade-5-titanium,high
/grades/grade-5-titanium/,passivation,grade-5-titanium,related_to,grade-5-titanium,high
/grades/grade-5-titanium/,polishing,grade-5-titanium,related_to,grade-5-titanium,high
/grades/grade-5-titanium/,AS9100D,grade-5-titanium,related_to,grade-5-titanium,high
/grades/grade-5-titanium/,ISO 13485,grade-5-titanium,related_to,grade-5-titanium,high
/grades/grade-5-titanium/,NADCAP,grade-5-titanium,related_to,grade-5-titanium,high
/grades/grade-7-titanium/,forming,grade-7-titanium,related_to,grade-7-titanium,high
/grades/grade-7-titanium/,welding,grade-7-titanium,related_to,grade-7-titanium,high
/grades/grade-7-titanium/,cnc-machining,grade-7-titanium,related_to,grade-7-titanium,high
/grades/grade-7-titanium/,milling,grade-7-titanium,related_to,grade-7-titanium,high
/grades/grade-7-titanium/,turning,grade-7-titanium,related_to,grade-7-titanium,high
/grades/grade-7-titanium/,chemical-processing,grade-7-titanium,related_to,grade-7-titanium,high
/grades/grade-7-titanium/,oil-and-gas,grade-7-titanium,related_to,grade-7-titanium,high
/grades/grade-7-titanium/,marine,grade-7-titanium,related_to,grade-7-titanium,high
/grades/grade-7-titanium/,energy,grade-7-titanium,related_to,grade-7-titanium,high
/grades/grade-7-titanium/,ASTM B265,grade-7-titanium,related_to,grade-7-titanium,high
/grades/grade-7-titanium/,ASTM B348,grade-7-titanium,related_to,grade-7-titanium,high
/grades/grade-7-titanium/,ASTM B381,grade-7-titanium,related_to,grade-7-titanium,high
/grades/grade-7-titanium/,passivation,grade-7-titanium,related_to,grade-7-titanium,high
/grades/grade-7-titanium/,anodizing,grade-7-titanium,related_to,grade-7-titanium,high
/grades/grade-7-titanium/,ASME BPV Code,grade-7-titanium,related_to,grade-7-titanium,high
/grades/grade-7-titanium/,NACE MR0175,grade-7-titanium,related_to,grade-7-titanium,high
/grades/grade-7-titanium/,ISO 9001,grade-7-titanium,related_to,grade-7-titanium,high
/grades/grade-9-titanium/,cnc-machining,grade-9-titanium,related_to,grade-9-titanium,high
/grades/grade-9-titanium/,milling,grade-9-titanium,related_to,grade-9-titanium,high
/grades/grade-9-titanium/,turning,grade-9-titanium,related_to,grade-9-titanium,high
/grades/grade-9-titanium/,welding,grade-9-titanium,related_to,grade-9-titanium,high
/grades/grade-9-titanium/,forming,grade-9-titanium,related_to,grade-9-titanium,high
/grades/grade-9-titanium/,hydroforming,grade-9-titanium,related_to,grade-9-titanium,high
/grades/grade-9-titanium/,aerospace,grade-9-titanium,related_to,grade-9-titanium,high
/grades/grade-9-titanium/,marine,grade-9-titanium,related_to,grade-9-titanium,high
/grades/grade-9-titanium/,sporting-goods,grade-9-titanium,related_to,grade-9-titanium,high
/grades/grade-9-titanium/,chemical-processing,grade-9-titanium,related_to,grade-9-titanium,high
/grades/grade-9-titanium/,automotive,grade-9-titanium,related_to,grade-9-titanium,high
/grades/grade-9-titanium/,ASTM B265,grade-9-titanium,related_to,grade-9-titanium,high
/grades/grade-9-titanium/,ASTM B348,grade-9-titanium,related_to,grade-9-titanium,high
/grades/grade-9-titanium/,ASTM B861,grade-9-titanium,related_to,grade-9-titanium,high
/grades/grade-9-titanium/,AMS 4945,grade-9-titanium,related_to,grade-9-titanium,high
/grades/grade-9-titanium/,anodizing,grade-9-titanium,related_to,grade-9-titanium,high
/grades/grade-9-titanium/,passivation,grade-9-titanium,related_to,grade-9-titanium,high
/grades/grade-9-titanium/,polishing,grade-9-titanium,related_to,grade-9-titanium,high
/grades/grade-9-titanium/,AS9100D,grade-9-titanium,related_to,grade-9-titanium,high
/grades/grade-9-titanium/,ISO 9001,grade-9-titanium,related_to,grade-9-titanium,high
/grades/ta15-titanium/,cnc-machining,ta15-titanium,related_to,ta15-titanium,high
/grades/ta15-titanium/,milling,ta15-titanium,related_to,ta15-titanium,high
/grades/ta15-titanium/,turning,ta15-titanium,related_to,ta15-titanium,high
/grades/ta15-titanium/,welding,ta15-titanium,related_to,ta15-titanium,high
/grades/ta15-titanium/,additive-manufacturing,ta15-titanium,related_to,ta15-titanium,high
/grades/ta15-titanium/,aerospace,ta15-titanium,related_to,ta15-titanium,high
/grades/ta15-titanium/,defence,ta15-titanium,related_to,ta15-titanium,high
/grades/ta15-titanium/,GB/T 3621,ta15-titanium,related_to,ta15-titanium,high
/grades/ta15-titanium/,GJB 1538,ta15-titanium,related_to,ta15-titanium,high
/grades/ta15-titanium/,anodizing,ta15-titanium,related_to,ta15-titanium,high
/grades/ta15-titanium/,passivation,ta15-titanium,related_to,ta15-titanium,high
/grades/ta15-titanium/,AS9100D,ta15-titanium,related_to,ta15-titanium,high
/grades/ta15-titanium/,GJB 9001,ta15-titanium,related_to,ta15-titanium,high
/grades/ti-10v-2fe-3al/,forging,ti-10v-2fe-3al,related_to,ti-10v-2fe-3al,high
/grades/ti-10v-2fe-3al/,cnc-machining,ti-10v-2fe-3al,related_to,ti-10v-2fe-3al,high
/grades/ti-10v-2fe-3al/,milling,ti-10v-2fe-3al,related_to,ti-10v-2fe-3al,high
/grades/ti-10v-2fe-3al/,turning,ti-10v-2fe-3al,related_to,ti-10v-2fe-3al,high
/grades/ti-10v-2fe-3al/,heat-treatment,ti-10v-2fe-3al,related_to,ti-10v-2fe-3al,high
/grades/ti-10v-2fe-3al/,aerospace,ti-10v-2fe-3al,related_to,ti-10v-2fe-3al,high
/grades/ti-10v-2fe-3al/,defence,ti-10v-2fe-3al,related_to,ti-10v-2fe-3al,high
/grades/ti-10v-2fe-3al/,automotive,ti-10v-2fe-3al,related_to,ti-10v-2fe-3al,high
/grades/ti-10v-2fe-3al/,AMS 4983,ti-10v-2fe-3al,related_to,ti-10v-2fe-3al,high
/grades/ti-10v-2fe-3al/,AMS 4984,ti-10v-2fe-3al,related_to,ti-10v-2fe-3al,high
/grades/ti-10v-2fe-3al/,ASTM B348,ti-10v-2fe-3al,related_to,ti-10v-2fe-3al,high
/grades/ti-10v-2fe-3al/,passivation,ti-10v-2fe-3al,related_to,ti-10v-2fe-3al,high
/grades/ti-10v-2fe-3al/,bead-blasting,ti-10v-2fe-3al,related_to,ti-10v-2fe-3al,high
/grades/ti-10v-2fe-3al/,AS9100D,ti-10v-2fe-3al,related_to,ti-10v-2fe-3al,high
/grades/ti-10v-2fe-3al/,NADCAP,ti-10v-2fe-3al,related_to,ti-10v-2fe-3al,high
/grades/ti-5al-2sn/,cnc-machining,ti-5al-2sn,related_to,ti-5al-2sn,high
/grades/ti-5al-2sn/,milling,ti-5al-2sn,related_to,ti-5al-2sn,high
/grades/ti-5al-2sn/,turning,ti-5al-2sn,related_to,ti-5al-2sn,high
/grades/ti-5al-2sn/,welding,ti-5al-2sn,related_to,ti-5al-2sn,high
/grades/ti-5al-2sn/,forming,ti-5al-2sn,related_to,ti-5al-2sn,high
/grades/ti-5al-2sn/,aerospace,ti-5al-2sn,related_to,ti-5al-2sn,high
/grades/ti-5al-2sn/,defence,ti-5al-2sn,related_to,ti-5al-2sn,high
/grades/ti-5al-2sn/,chemical-processing,ti-5al-2sn,related_to,ti-5al-2sn,high
/grades/ti-5al-2sn/,AMS 4926,ti-5al-2sn,related_to,ti-5al-2sn,high
/grades/ti-5al-2sn/,AMS 4909,ti-5al-2sn,related_to,ti-5al-2sn,high
/grades/ti-5al-2sn/,ASTM B265,ti-5al-2sn,related_to,ti-5al-2sn,high
/grades/ti-5al-2sn/,anodizing,ti-5al-2sn,related_to,ti-5al-2sn,high
/grades/ti-5al-2sn/,passivation,ti-5al-2sn,related_to,ti-5al-2sn,high
/grades/ti-5al-2sn/,AS9100D,ti-5al-2sn,related_to,ti-5al-2sn,high
/grades/ti-5al-2sn/,ISO 9001,ti-5al-2sn,related_to,ti-5al-2sn,high
/grades/ti-6al-2sn-4zr-2mo/,cnc-machining,ti-6al-2sn-4zr-2mo,related_to,ti-6al-2sn-4zr-2mo,high
/grades/ti-6al-2sn-4zr-2mo/,milling,ti-6al-2sn-4zr-2mo,related_to,ti-6al-2sn-4zr-2mo,high
/grades/ti-6al-2sn-4zr-2mo/,turning,ti-6al-2sn-4zr-2mo,related_to,ti-6al-2sn-4zr-2mo,high
/grades/ti-6al-2sn-4zr-2mo/,forging,ti-6al-2sn-4zr-2mo,related_to,ti-6al-2sn-4zr-2mo,high
/grades/ti-6al-2sn-4zr-2mo/,heat-treatment,ti-6al-2sn-4zr-2mo,related_to,ti-6al-2sn-4zr-2mo,high
/grades/ti-6al-2sn-4zr-2mo/,aerospace,ti-6al-2sn-4zr-2mo,related_to,ti-6al-2sn-4zr-2mo,high
/grades/ti-6al-2sn-4zr-2mo/,power-generation,ti-6al-2sn-4zr-2mo,related_to,ti-6al-2sn-4zr-2mo,high
/grades/ti-6al-2sn-4zr-2mo/,defence,ti-6al-2sn-4zr-2mo,related_to,ti-6al-2sn-4zr-2mo,high
/grades/ti-6al-2sn-4zr-2mo/,AMS 4919,ti-6al-2sn-4zr-2mo,related_to,ti-6al-2sn-4zr-2mo,high
/grades/ti-6al-2sn-4zr-2mo/,AMS 4975,ti-6al-2sn-4zr-2mo,related_to,ti-6al-2sn-4zr-2mo,high
/grades/ti-6al-2sn-4zr-2mo/,ASTM B265,ti-6al-2sn-4zr-2mo,related_to,ti-6al-2sn-4zr-2mo,high
/grades/ti-6al-2sn-4zr-2mo/,anodizing,ti-6al-2sn-4zr-2mo,related_to,ti-6al-2sn-4zr-2mo,high
/grades/ti-6al-2sn-4zr-2mo/,passivation,ti-6al-2sn-4zr-2mo,related_to,ti-6al-2sn-4zr-2mo,high
/grades/ti-6al-2sn-4zr-2mo/,AS9100D,ti-6al-2sn-4zr-2mo,related_to,ti-6al-2sn-4zr-2mo,high
/grades/ti-6al-2sn-4zr-2mo/,NADCAP,ti-6al-2sn-4zr-2mo,related_to,ti-6al-2sn-4zr-2mo,high
/processes/5-axis-machining/,grade-5-titanium,5-axis-machining,related_to,5-axis-machining,high
/processes/5-axis-machining/,grade-23-titanium,5-axis-machining,related_to,5-axis-machining,high
/processes/5-axis-machining/,grade-9-titanium,5-axis-machining,related_to,5-axis-machining,high
/processes/5-axis-machining/,grade-2-titanium,5-axis-machining,related_to,5-axis-machining,high
/processes/5-axis-machining/,aerospace,5-axis-machining,related_to,5-axis-machining,high
/processes/5-axis-machining/,medical,5-axis-machining,related_to,5-axis-machining,high
/processes/5-axis-machining/,semiconductor,5-axis-machining,related_to,5-axis-machining,high
/processes/5-axis-machining/,robotics,5-axis-machining,related_to,5-axis-machining,high
/processes/5-axis-machining/,energy,5-axis-machining,related_to,5-axis-machining,high
/processes/5-axis-machining/,mazak-5-axis,5-axis-machining,related_to,5-axis-machining,high
/processes/5-axis-machining/,dmg-mori,5-axis-machining,related_to,5-axis-machining,high
/processes/dmls-vs-ebm/,grade-5-titanium,dmls-vs-ebm,related_to,dmls-vs-ebm,high
/processes/dmls-vs-ebm/,grade-23-titanium,dmls-vs-ebm,related_to,dmls-vs-ebm,high
/processes/dmls-vs-ebm/,aerospace,dmls-vs-ebm,related_to,dmls-vs-ebm,high
/processes/dmls-vs-ebm/,medical,dmls-vs-ebm,related_to,dmls-vs-ebm,high
/processes/dmls-vs-ebm/,dmls-machine,dmls-vs-ebm,related_to,dmls-vs-ebm,high
/processes/dmls-vs-ebm/,ebm-machine,dmls-vs-ebm,related_to,dmls-vs-ebm,high
/processes/titanium-casting/,grade-2-titanium,titanium-casting,related_to,titanium-casting,high
/processes/titanium-casting/,grade-5-titanium,titanium-casting,related_to,titanium-casting,high
/processes/titanium-casting/,aerospace,titanium-casting,related_to,titanium-casting,high
/processes/titanium-casting/,medical,titanium-casting,related_to,titanium-casting,high
/processes/titanium-casting/,investment-casting-furnace,titanium-casting,related_to,titanium-casting,high
/processes/titanium-forging/,grade-5-titanium,titanium-forging,related_to,titanium-forging,high
/processes/titanium-forging/,grade-23-titanium,titanium-forging,related_to,titanium-forging,high
/processes/titanium-forging/,ti-10v-2fe-3al,titanium-forging,related_to,titanium-forging,high
/processes/titanium-forging/,aerospace,titanium-forging,related_to,titanium-forging,high
/processes/titanium-forging/,defence,titanium-forging,related_to,titanium-forging,high
/processes/titanium-forging/,hydraulic-press,titanium-forging,related_to,titanium-forging,high
/processes/titanium-sheet-metal/,grade-2-titanium,titanium-sheet-metal,related_to,titanium-sheet-metal,high
/processes/titanium-sheet-metal/,grade-5-titanium,titanium-sheet-metal,related_to,titanium-sheet-metal,high
/processes/titanium-sheet-metal/,aerospace,titanium-sheet-metal,related_to,titanium-sheet-metal,high
/processes/titanium-sheet-metal/,chemical-processing,titanium-sheet-metal,related_to,titanium-sheet-metal,high
/processes/titanium-sheet-metal/,press-brake,titanium-sheet-metal,related_to,titanium-sheet-metal,high
/processes/titanium-welding/,grade-2-titanium,titanium-welding,related_to,titanium-welding,high
/processes/titanium-welding/,grade-5-titanium,titanium-welding,related_to,titanium-welding,high
/processes/titanium-welding/,grade-23-titanium,titanium-welding,related_to,titanium-welding,high
/processes/titanium-welding/,aerospace,titanium-welding,related_to,titanium-welding,high
/processes/titanium-welding/,chemical-processing,titanium-welding,related_to,titanium-welding,high
/processes/titanium-welding/,tig-welder,titanium-welding,related_to,titanium-welding,high
/processes/titanium-welding/,laser-welder,titanium-welding,related_to,titanium-welding,high
/processes/titanium-welding/,electron-beam-welder,titanium-welding,related_to,titanium-welding,high
/industries/aerospace-titanium-parts/,grade-5-titanium,aerospace-titanium-parts,related_to,aerospace-titanium-parts,high
/industries/aerospace-titanium-parts/,grade-23-titanium,aerospace-titanium-parts,related_to,aerospace-titanium-parts,high
/industries/aerospace-titanium-parts/,grade-2-titanium,aerospace-titanium-parts,related_to,aerospace-titanium-parts,high
/industries/aerospace-titanium-parts/,cnc-machining,aerospace-titanium-parts,related_to,aerospace-titanium-parts,high
/industries/aerospace-titanium-parts/,5-axis-machining,aerospace-titanium-parts,related_to,aerospace-titanium-parts,high
/industries/aerospace-titanium-parts/,milling,aerospace-titanium-parts,related_to,aerospace-titanium-parts,high
/industries/aerospace-titanium-parts/,turning,aerospace-titanium-parts,related_to,aerospace-titanium-parts,high
/industries/aerospace-titanium-parts/,wire-edm,aerospace-titanium-parts,related_to,aerospace-titanium-parts,high
/industries/aerospace-titanium-parts/,astm-b265,aerospace-titanium-parts,related_to,aerospace-titanium-parts,high
/industries/aerospace-titanium-parts/,astm-b348,aerospace-titanium-parts,related_to,aerospace-titanium-parts,high
/industries/aerospace-titanium-parts/,astm-f136,aerospace-titanium-parts,related_to,aerospace-titanium-parts,high
/industries/aerospace-titanium-parts/,AS9100D,aerospace-titanium-parts,related_to,aerospace-titanium-parts,high
/industries/aerospace-titanium-parts/,NADCAP,aerospace-titanium-parts,related_to,aerospace-titanium-parts,high
/standards/as9100d/,grade-2-titanium,as9100d,related_to,as9100d,high
/standards/as9100d/,grade-5-titanium,as9100d,related_to,as9100d,high
/standards/as9100d/,grade-23-titanium,as9100d,related_to,as9100d,high
/standards/as9100d/,grade-9-titanium,as9100d,related_to,as9100d,high
/standards/as9100d/,aerospace,as9100d,related_to,as9100d,high
/standards/as9100d/,defence,as9100d,related_to,as9100d,high
/standards/as9100d/,space,as9100d,related_to,as9100d,high
/standards/astm-b265/,grade-2-titanium,astm-b265,related_to,astm-b265,high
/standards/astm-b265/,grade-5-titanium,astm-b265,related_to,astm-b265,high
/standards/astm-b265/,aerospace,astm-b265,related_to,astm-b265,high
/standards/astm-b265/,medical,astm-b265,related_to,astm-b265,high
/standards/astm-b265/,industrial,astm-b265,related_to,astm-b265,high
/standards/astm-b265/,chemical-processing,astm-b265,related_to,astm-b265,high
/standards/astm-b265/,marine,astm-b265,related_to,astm-b265,high
/standards/astm-b348/,grade-2-titanium,astm-b348,related_to,astm-b348,high
/standards/astm-b348/,grade-5-titanium,astm-b348,related_to,astm-b348,high
/standards/astm-b348/,grade-23-titanium,astm-b348,related_to,astm-b348,high
/standards/astm-b348/,grade-9-titanium,astm-b348,related_to,astm-b348,high
/standards/astm-b348/,aerospace,astm-b348,related_to,astm-b348,high
/standards/astm-b348/,medical,astm-b348,related_to,astm-b348,high
/standards/astm-b348/,industrial,astm-b348,related_to,astm-b348,high
/standards/astm-b348/,chemical-processing,astm-b348,related_to,astm-b348,high
/standards/astm-b348/,energy,astm-b348,related_to,astm-b348,high
/standards/astm-f136/,grade-23-titanium,astm-f136,related_to,astm-f136,high
/standards/astm-f136/,medical,astm-f136,related_to,astm-f136,high
/standards/astm-f136/,aerospace,astm-f136,related_to,astm-f136,high
/standards/iso-13485/,grade-23-titanium,iso-13485,related_to,iso-13485,high
/standards/iso-13485/,grade-5-titanium,iso-13485,related_to,iso-13485,high
/standards/iso-13485/,medical,iso-13485,related_to,iso-13485,high
/standards/iso-13485/,dental,iso-13485,related_to,iso-13485,high
/finishes/titanium-anodizing/,grade-5-titanium,titanium-anodizing,related_to,titanium-anodizing,high
/finishes/titanium-anodizing/,grade-2-titanium,titanium-anodizing,related_to,titanium-anodizing,high
/finishes/titanium-anodizing/,aerospace,titanium-anodizing,related_to,titanium-anodizing,high
/finishes/titanium-anodizing/,medical,titanium-anodizing,related_to,titanium-anodizing,high
/select/aerospace-titanium/,grade-5-titanium,aerospace-titanium,related_to,aerospace-titanium,high
/select/aerospace-titanium/,grade-23-titanium,aerospace-titanium,related_to,aerospace-titanium,high
/select/aerospace-titanium/,aerospace,aerospace-titanium,related_to,aerospace-titanium,high
/select/aerospace-titanium/,defence,aerospace-titanium,related_to,aerospace-titanium,high
/select/grade-selection-guide/,grade-2-titanium,grade-selection-guide,related_to,grade-selection-guide,high
/select/grade-selection-guide/,grade-5-titanium,grade-selection-guide,related_to,grade-selection-guide,high
/select/grade-selection-guide/,grade-23-titanium,grade-selection-guide,related_to,grade-selection-guide,high
/select/grade-selection-guide/,aerospace,grade-selection-guide,related_to,grade-selection-guide,high
/select/grade-selection-guide/,medical,grade-selection-guide,related_to,grade-selection-guide,high
/select/medical-grade-titanium/,grade-2-titanium,medical-grade-titanium,related_to,medical-grade-titanium,high
/select/medical-grade-titanium/,grade-5-titanium,medical-grade-titanium,related_to,medical-grade-titanium,high
/select/medical-grade-titanium/,grade-23-titanium,medical-grade-titanium,related_to,medical-grade-titanium,high
/select/medical-grade-titanium/,medical,medical-grade-titanium,related_to,medical-grade-titanium,high
/select/titanium-grades-chart/,grade-1-titanium,titanium-grades-chart,related_to,titanium-grades-chart,high
/select/titanium-grades-chart/,grade-2-titanium,titanium-grades-chart,related_to,titanium-grades-chart,high
/select/titanium-grades-chart/,grade-3-titanium,titanium-grades-chart,related_to,titanium-grades-chart,high
/select/titanium-grades-chart/,grade-4-titanium,titanium-grades-chart,related_to,titanium-grades-chart,high
/select/titanium-grades-chart/,grade-5-titanium,titanium-grades-chart,related_to,titanium-grades-chart,high
/select/titanium-grades-chart/,grade-7-titanium,titanium-grades-chart,related_to,titanium-grades-chart,high
/select/titanium-grades-chart/,grade-23-titanium,titanium-grades-chart,related_to,titanium-grades-chart,high
/select/titanium-grades-chart/,aerospace,titanium-grades-chart,related_to,titanium-grades-chart,high
/select/titanium-grades-chart/,medical,titanium-grades-chart,related_to,titanium-grades-chart,high
/select/titanium-vs-316-stainless/,grade-2-titanium,titanium-vs-316-stainless,related_to,titanium-vs-316-stainless,high
/select/titanium-vs-316-stainless/,grade-5-titanium,titanium-vs-316-stainless,related_to,titanium-vs-316-stainless,high
/select/titanium-vs-316-stainless/,chemical-processing,titanium-vs-316-stainless,related_to,titanium-vs-316-stainless,high
/select/titanium-vs-316-stainless/,marine,titanium-vs-316-stainless,related_to,titanium-vs-316-stainless,high
/select/titanium-vs-aluminum/,grade-5-titanium,titanium-vs-aluminum,related_to,titanium-vs-aluminum,high
/select/titanium-vs-aluminum/,aerospace,titanium-vs-aluminum,related_to,titanium-vs-aluminum,high
/select/titanium-vs-aluminum/,automotive,titanium-vs-aluminum,related_to,titanium-vs-aluminum,high
/select/titanium-vs-carbon-steel/,grade-5-titanium,titanium-vs-carbon-steel,related_to,titanium-vs-carbon-steel,high
/select/titanium-vs-carbon-steel/,automotive,titanium-vs-carbon-steel,related_to,titanium-vs-carbon-steel,high
/select/titanium-vs-carbon-steel/,construction,titanium-vs-carbon-steel,related_to,titanium-vs-carbon-steel,high
/select/titanium-vs-inconel/,grade-5-titanium,titanium-vs-inconel,related_to,titanium-vs-inconel,high
/select/titanium-vs-inconel/,aerospace,titanium-vs-inconel,related_to,titanium-vs-inconel,high
/select/titanium-vs-inconel/,power-generation,titanium-vs-inconel,related_to,titanium-vs-inconel,high
/failures/alpha-case/,grade-5-titanium,alpha-case,related_to,alpha-case,high
/failures/alpha-case/,grade-23-titanium,alpha-case,related_to,alpha-case,high
/failures/alpha-case/,aerospace,alpha-case,related_to,alpha-case,high
/failures/alpha-case/,medical,alpha-case,related_to,alpha-case,high
/failures/fatigue/,grade-5-titanium,fatigue,related_to,fatigue,high
/failures/fatigue/,grade-23-titanium,fatigue,related_to,fatigue,high
/failures/fatigue/,aerospace,fatigue,related_to,fatigue,high
/failures/fatigue/,medical,fatigue,related_to,fatigue,high
/failures/hydrogen-embritlement/,grade-2-titanium,hydrogen-embritlement,related_to,hydrogen-embritlement,high
/failures/hydrogen-embritlement/,grade-5-titanium,hydrogen-embritlement,related_to,hydrogen-embritlement,high
/failures/hydrogen-embritlement/,aerospace,hydrogen-embritlement,related_to,hydrogen-embritlement,high
/failures/machining-defects/,grade-5-titanium,machining-defects,related_to,machining-defects,high
/failures/machining-defects/,grade-23-titanium,machining-defects,related_to,machining-defects,high
/failures/machining-defects/,aerospace,machining-defects,related_to,machining-defects,high
/failures/machining-defects/,medical,machining-defects,related_to,machining-defects,high
/failures/overview/,grade-5-titanium,overview,related_to,overview,high
/failures/overview/,grade-2-titanium,overview,related_to,overview,high
/failures/overview/,aerospace,overview,related_to,overview,high
/failures/overview/,medical,overview,related_to,overview,high
/failures/welding-defects/,grade-2-titanium,welding-defects,related_to,welding-defects,high
/failures/welding-defects/,grade-5-titanium,welding-defects,related_to,welding-defects,high
/failures/welding-defects/,aerospace,welding-defects,related_to,welding-defects,high
/heat-treatment/annealing/,grade-2-titanium,annealing,related_to,annealing,high
/heat-treatment/annealing/,grade-5-titanium,annealing,related_to,annealing,high
/heat-treatment/annealing/,grade-23-titanium,annealing,related_to,annealing,high
/heat-treatment/annealing/,aerospace,annealing,related_to,annealing,high
/heat-treatment/annealing/,medical,annealing,related_to,annealing,high
/heat-treatment/annealing/,vacuum-furnace,annealing,related_to,annealing,high
/heat-treatment/defects/,grade-5-titanium,defects,related_to,defects,high
/heat-treatment/defects/,aerospace,defects,related_to,defects,high
/heat-treatment/defects/,medical,defects,related_to,defects,high
/heat-treatment/grade-guide/,grade-2-titanium,grade-guide,related_to,grade-guide,high
/heat-treatment/grade-guide/,grade-5-titanium,grade-guide,related_to,grade-guide,high
/heat-treatment/grade-guide/,grade-23-titanium,grade-guide,related_to,grade-guide,high
/heat-treatment/grade-guide/,aerospace,grade-guide,related_to,grade-guide,high
/heat-treatment/grade-guide/,medical,grade-guide,related_to,grade-guide,high
/heat-treatment/overview/,grade-5-titanium,overview,related_to,overview,high
/heat-treatment/overview/,grade-23-titanium,overview,related_to,overview,high
/heat-treatment/overview/,grade-9-titanium,overview,related_to,overview,high
/heat-treatment/overview/,aerospace,overview,related_to,overview,high
/heat-treatment/overview/,medical,overview,related_to,overview,high
/heat-treatment/overview/,vacuum-furnace,overview,related_to,overview,high
/heat-treatment/solution-treatment-aging/,grade-5-titanium,solution-treatment-aging,related_to,solution-treatment-aging,high
/heat-treatment/solution-treatment-aging/,grade-23-titanium,solution-treatment-aging,related_to,solution-treatment-aging,high
/heat-treatment/solution-treatment-aging/,ti-10v-2fe-3al,solution-treatment-aging,related_to,solution-treatment-aging,high
/heat-treatment/solution-treatment-aging/,aerospace,solution-treatment-aging,related_to,solution-treatment-aging,high
/heat-treatment/solution-treatment-aging/,defence,solution-treatment-aging,related_to,solution-treatment-aging,high
/heat-treatment/solution-treatment-aging/,vacuum-furnace,solution-treatment-aging,related_to,solution-treatment-aging,high
/heat-treatment/stress-relief/,grade-2-titanium,stress-relief,related_to,stress-relief,high
/heat-treatment/stress-relief/,grade-5-titanium,stress-relief,related_to,stress-relief,high
/heat-treatment/stress-relief/,aerospace,stress-relief,related_to,stress-relief,high
/heat-treatment/stress-relief/,medical,stress-relief,related_to,stress-relief,high
/heat-treatment/stress-relief/,vacuum-furnace,stress-relief,related_to,stress-relief,high
/corrosion/acid-resistance/,grade-2-titanium,acid-resistance,related_to,acid-resistance,high
/corrosion/acid-resistance/,grade-7-titanium,acid-resistance,related_to,acid-resistance,high
/corrosion/acid-resistance/,chemical-processing,acid-resistance,related_to,acid-resistance,high
/corrosion/chloride-scc/,grade-5-titanium,chloride-scc,related_to,chloride-scc,high
/corrosion/chloride-scc/,chemical-processing,chloride-scc,related_to,chloride-scc,high
/corrosion/chloride-scc/,aerospace,chloride-scc,related_to,chloride-scc,high
/corrosion/galvanic/,grade-2-titanium,galvanic,related_to,galvanic,high
/corrosion/galvanic/,grade-5-titanium,galvanic,related_to,galvanic,high
/corrosion/galvanic/,aerospace,galvanic,related_to,galvanic,high
/corrosion/galvanic/,marine,galvanic,related_to,galvanic,high
/corrosion/overview/,grade-2-titanium,overview,related_to,overview,high
/corrosion/overview/,grade-5-titanium,overview,related_to,overview,high
/corrosion/overview/,grade-7-titanium,overview,related_to,overview,high
/corrosion/overview/,chemical-processing,overview,related_to,overview,high
/corrosion/overview/,marine,overview,related_to,overview,high
/corrosion/overview/,ASTM B265,overview,related_to,overview,high
/corrosion/overview/,NACE MR0175,overview,related_to,overview,high
/corrosion/prevention/,grade-2-titanium,prevention,related_to,prevention,high
/corrosion/prevention/,grade-5-titanium,prevention,related_to,prevention,high
/corrosion/prevention/,chemical-processing,prevention,related_to,prevention,high
/corrosion/prevention/,marine,prevention,related_to,prevention,high
/corrosion/seawater/,grade-2-titanium,seawater,related_to,seawater,high
/corrosion/seawater/,grade-5-titanium,seawater,related_to,seawater,high
/corrosion/seawater/,marine,seawater,related_to,seawater,high
/corrosion/seawater/,oil-and-gas,seawater,related_to,seawater,high
/evidence/5-axis-tolerances/,grade-5-titanium,5-axis-tolerances,related_to,5-axis-tolerances,high
/evidence/5-axis-tolerances/,grade-23-titanium,5-axis-tolerances,related_to,5-axis-tolerances,high
/evidence/5-axis-tolerances/,5-axis-machining,5-axis-tolerances,related_to,5-axis-tolerances,high
/evidence/5-axis-tolerances/,cnc-machining,5-axis-tolerances,related_to,5-axis-tolerances,high
/evidence/5-axis-tolerances/,milling,5-axis-tolerances,related_to,5-axis-tolerances,high
/evidence/5-axis-tolerances/,iso-2768,5-axis-tolerances,related_to,5-axis-tolerances,high
/evidence/5-axis-tolerances/,iso-286,5-axis-tolerances,related_to,5-axis-tolerances,high
/evidence/bead-blasting-surface-roughness/,grade-5-titanium,bead-blasting-surface-roughness,related_to,bead-blasting-surface-roughness,high
/evidence/bead-blasting-surface-roughness/,grade-2-titanium,bead-blasting-surface-roughness,related_to,bead-blasting-surface-roughness,high
/evidence/bead-blasting-surface-roughness/,cnc-machining,bead-blasting-surface-roughness,related_to,bead-blasting-surface-roughness,high
/evidence/bead-blasting-surface-roughness/,additive-manufacturing,bead-blasting-surface-roughness,related_to,bead-blasting-surface-roughness,high
/evidence/bead-blasting-surface-roughness/,astm-b265,bead-blasting-surface-roughness,related_to,bead-blasting-surface-roughness,high
/evidence/grade-23-material-properties/,grade-5-titanium,grade-23-material-properties,related_to,grade-23-material-properties,high
/evidence/grade-23-material-properties/,cnc-machining,grade-23-material-properties,related_to,grade-23-material-properties,high
/evidence/grade-23-material-properties/,milling,grade-23-material-properties,related_to,grade-23-material-properties,high
/evidence/grade-23-material-properties/,turning,grade-23-material-properties,related_to,grade-23-material-properties,high
/evidence/grade-23-material-properties/,astm-f136,grade-23-material-properties,related_to,grade-23-material-properties,high
/evidence/grade-23-material-properties/,astm-b348,grade-23-material-properties,related_to,grade-23-material-properties,high
/evidence/grade-5-milling-parameters/,grade-5-titanium,grade-5-milling-parameters,related_to,grade-5-milling-parameters,high
/evidence/grade-5-milling-parameters/,milling,grade-5-milling-parameters,related_to,grade-5-milling-parameters,high
/evidence/grade-5-milling-parameters/,cnc-machining,grade-5-milling-parameters,related_to,grade-5-milling-parameters,high
/evidence/grade-5-milling-parameters/,astm-b265,grade-5-milling-parameters,related_to,grade-5-milling-parameters,high
/evidence/ti-6al-4v-material-properties/,grade-23-titanium,ti-6al-4v-material-properties,related_to,ti-6al-4v-material-properties,high
/evidence/ti-6al-4v-material-properties/,grade-2-titanium,ti-6al-4v-material-properties,related_to,ti-6al-4v-material-properties,high
/evidence/ti-6al-4v-material-properties/,cnc-machining,ti-6al-4v-material-properties,related_to,ti-6al-4v-material-properties,high
/evidence/ti-6al-4v-material-properties/,milling,ti-6al-4v-material-properties,related_to,ti-6al-4v-material-properties,high
/evidence/ti-6al-4v-material-properties/,turning,ti-6al-4v-material-properties,related_to,ti-6al-4v-material-properties,high
/evidence/ti-6al-4v-material-properties/,wire-edm,ti-6al-4v-material-properties,related_to,ti-6al-4v-material-properties,high
/evidence/ti-6al-4v-material-properties/,astm-b265,ti-6al-4v-material-properties,related_to,ti-6al-4v-material-properties,high
/evidence/ti-6al-4v-material-properties/,astm-b348,ti-6al-4v-material-properties,related_to,ti-6al-4v-material-properties,high
/evidence/ti-6al-4v-material-properties/,astm-f136,ti-6al-4v-material-properties,related_to,ti-6al-4v-material-properties,high
/compare/cnc-machining-vs-dmls/,cnc-machining,cnc-machining-vs-dmls,related_to,cnc-machining-vs-dmls,high
/compare/cnc-machining-vs-dmls/,additive-manufacturing,cnc-machining-vs-dmls,related_to,cnc-machining-vs-dmls,high
/compare/grade-5-vs-grade-23/,grade-5-titanium,grade-5-vs-grade-23,related_to,grade-5-vs-grade-23,high
/compare/grade-5-vs-grade-23/,grade-23-titanium,grade-5-vs-grade-23,related_to,grade-5-vs-grade-23,high
/compare/grade-5-vs-grade-23/,cnc-machining,grade-5-vs-grade-23,related_to,grade-5-vs-grade-23,high
/compare/grade-5-vs-grade-23/,milling,grade-5-vs-grade-23,related_to,grade-5-vs-grade-23,high
/compare/grade-5-vs-grade-23/,turning,grade-5-vs-grade-23,related_to,grade-5-vs-grade-23,high
/compare/grade-5-vs-grade-23/,astm-b265,grade-5-vs-grade-23,related_to,grade-5-vs-grade-23,high
/compare/grade-5-vs-grade-23/,astm-b348,grade-5-vs-grade-23,related_to,grade-5-vs-grade-23,high
/compare/grade-5-vs-grade-23/,astm-f136,grade-5-vs-grade-23,related_to,grade-5-vs-grade-23,high
/compare/titanium-vs-inconel-718/,grade-5-titanium,titanium-vs-inconel-718,related_to,titanium-vs-inconel-718,high
/compare/titanium-vs-inconel-718/,cnc-machining,titanium-vs-inconel-718,related_to,titanium-vs-inconel-718,high
/compare/titanium-vs-inconel-718/,milling,titanium-vs-inconel-718,related_to,titanium-vs-inconel-718,high
/compare/titanium-vs-inconel-718/,turning,titanium-vs-inconel-718,related_to,titanium-vs-inconel-718,high
/compare/titanium-vs-inconel-718/,astm-b265,titanium-vs-inconel-718,related_to,titanium-vs-inconel-718,high
/compare/titanium-vs-inconel-718/,astm-b348,titanium-vs-inconel-718,related_to,titanium-vs-inconel-718,high
/cases/5-axis-structural-bracket/,5-axis-machining,5-axis-structural-bracket,related_to,5-axis-structural-bracket,high
/cases/5-axis-structural-bracket/,cnc-machining,5-axis-structural-bracket,related_to,5-axis-structural-bracket,high
/cases/5-axis-structural-bracket/,milling,5-axis-structural-bracket,related_to,5-axis-structural-bracket,high
/cases/5-axis-structural-bracket/,AS9100D,5-axis-structural-bracket,related_to,5-axis-structural-bracket,high
/cases/5-axis-structural-bracket/,NADCAP,5-axis-structural-bracket,related_to,5-axis-structural-bracket,high
/cases/5-axis-structural-bracket/,ISO 2768-f,5-axis-structural-bracket,related_to,5-axis-structural-bracket,high
/cases/5-axis-structural-bracket/,grade-5-titanium,5-axis-structural-bracket,related_to,5-axis-structural-bracket,high
/cases/5-axis-structural-bracket/,as9100d,5-axis-structural-bracket,related_to,5-axis-structural-bracket,high
/cases/5-axis-structural-bracket/,nadcap,5-axis-structural-bracket,related_to,5-axis-structural-bracket,high
/cases/5-axis-structural-bracket/,iso-2768,5-axis-structural-bracket,related_to,5-axis-structural-bracket,high
/cases/5-axis-structural-bracket/,aerospace-titanium-components,5-axis-structural-bracket,related_to,5-axis-structural-bracket,high
/cases/5-axis-structural-bracket/,5-axis-titanium-machining,5-axis-structural-bracket,related_to,5-axis-structural-bracket,high
/cases/5-axis-structural-bracket/,titanium-cnc-machining,5-axis-structural-bracket,related_to,5-axis-structural-bracket,high
/cases/5-axis-structural-bracket/,structural-bracket,5-axis-structural-bracket,related_to,5-axis-structural-bracket,high
/cases/5-axis-structural-bracket/,aerospace-housing,5-axis-structural-bracket,related_to,5-axis-structural-bracket,high
/cases/5-axis-structural-bracket/,5-axis-tolerances,5-axis-structural-bracket,related_to,5-axis-structural-bracket,high
/cases/5-axis-structural-bracket/,grade-5-milling-parameters,5-axis-structural-bracket,related_to,5-axis-structural-bracket,high
/cases/5-axis-structural-bracket/,5-axis-vs-3-axis-machining,5-axis-structural-bracket,related_to,5-axis-structural-bracket,high
/cases/5-axis-structural-bracket/,grade-5-vs-grade-23,5-axis-structural-bracket,related_to,5-axis-structural-bracket,high
/cases/5-axis-structural-bracket/,Mazak i700 5-Axis,5-axis-structural-bracket,related_to,5-axis-structural-bracket,high
/cases/5-axis-structural-bracket/,Mazak Integrex i-200,5-axis-structural-bracket,related_to,5-axis-structural-bracket,high
/cases/aerospace-thin-wall-housing/,5-axis-machining,aerospace-thin-wall-housing,related_to,aerospace-thin-wall-housing,high
/cases/aerospace-thin-wall-housing/,cnc-machining,aerospace-thin-wall-housing,related_to,aerospace-thin-wall-housing,high
/cases/aerospace-thin-wall-housing/,milling,aerospace-thin-wall-housing,related_to,aerospace-thin-wall-housing,high
/cases/aerospace-thin-wall-housing/,AS9100D,aerospace-thin-wall-housing,related_to,aerospace-thin-wall-housing,high
/cases/aerospace-thin-wall-housing/,ISO 2768-f,aerospace-thin-wall-housing,related_to,aerospace-thin-wall-housing,high
/cases/aerospace-thin-wall-housing/,grade-5-titanium,aerospace-thin-wall-housing,related_to,aerospace-thin-wall-housing,high
/cases/aerospace-thin-wall-housing/,as9100d,aerospace-thin-wall-housing,related_to,aerospace-thin-wall-housing,high
/cases/aerospace-thin-wall-housing/,iso-2768,aerospace-thin-wall-housing,related_to,aerospace-thin-wall-housing,high
/cases/aerospace-thin-wall-housing/,aerospace-titanium-components,aerospace-thin-wall-housing,related_to,aerospace-thin-wall-housing,high
/cases/aerospace-thin-wall-housing/,titanium-cnc-machining,aerospace-thin-wall-housing,related_to,aerospace-thin-wall-housing,high
/cases/aerospace-thin-wall-housing/,aerospace-housing,aerospace-thin-wall-housing,related_to,aerospace-thin-wall-housing,high
/cases/aerospace-thin-wall-housing/,thin-wall-machining,aerospace-thin-wall-housing,related_to,aerospace-thin-wall-housing,high
/cases/aerospace-thin-wall-housing/,5-axis-tolerances,aerospace-thin-wall-housing,related_to,aerospace-thin-wall-housing,high
/cases/aerospace-thin-wall-housing/,grade-5-milling-parameters,aerospace-thin-wall-housing,related_to,aerospace-thin-wall-housing,high
/cases/aerospace-thin-wall-housing/,5-axis-vs-3-axis-machining,aerospace-thin-wall-housing,related_to,aerospace-thin-wall-housing,high
/cases/aerospace-thin-wall-housing/,Mazak i700 5-Axis,aerospace-thin-wall-housing,related_to,aerospace-thin-wall-housing,high
/cases/complex-5-axis-titanium-bracket/,5-axis-machining,complex-5-axis-titanium-bracket,related_to,complex-5-axis-titanium-bracket,high
/cases/complex-5-axis-titanium-bracket/,cnc-machining,complex-5-axis-titanium-bracket,related_to,complex-5-axis-titanium-bracket,high
/cases/complex-5-axis-titanium-bracket/,milling,complex-5-axis-titanium-bracket,related_to,complex-5-axis-titanium-bracket,high
/cases/complex-5-axis-titanium-bracket/,AS9100D,complex-5-axis-titanium-bracket,related_to,complex-5-axis-titanium-bracket,high
/cases/complex-5-axis-titanium-bracket/,NADCAP,complex-5-axis-titanium-bracket,related_to,complex-5-axis-titanium-bracket,high
/cases/complex-5-axis-titanium-bracket/,ISO 2768-f,complex-5-axis-titanium-bracket,related_to,complex-5-axis-titanium-bracket,high
/cases/complex-5-axis-titanium-bracket/,grade-5-titanium,complex-5-axis-titanium-bracket,related_to,complex-5-axis-titanium-bracket,high
/cases/complex-5-axis-titanium-bracket/,as9100d,complex-5-axis-titanium-bracket,related_to,complex-5-axis-titanium-bracket,high
/cases/complex-5-axis-titanium-bracket/,nadcap,complex-5-axis-titanium-bracket,related_to,complex-5-axis-titanium-bracket,high
/cases/complex-5-axis-titanium-bracket/,iso-2768,complex-5-axis-titanium-bracket,related_to,complex-5-axis-titanium-bracket,high
/cases/complex-5-axis-titanium-bracket/,aerospace-titanium-components,complex-5-axis-titanium-bracket,related_to,complex-5-axis-titanium-bracket,high
/cases/complex-5-axis-titanium-bracket/,5-axis-titanium-machining,complex-5-axis-titanium-bracket,related_to,complex-5-axis-titanium-bracket,high
/cases/complex-5-axis-titanium-bracket/,titanium-cnc-machining,complex-5-axis-titanium-bracket,related_to,complex-5-axis-titanium-bracket,high
/cases/complex-5-axis-titanium-bracket/,structural-bracket,complex-5-axis-titanium-bracket,related_to,complex-5-axis-titanium-bracket,high
/cases/complex-5-axis-titanium-bracket/,aerospace-housing,complex-5-axis-titanium-bracket,related_to,complex-5-axis-titanium-bracket,high
/cases/complex-5-axis-titanium-bracket/,5-axis-tolerances,complex-5-axis-titanium-bracket,related_to,complex-5-axis-titanium-bracket,high
/cases/complex-5-axis-titanium-bracket/,grade-5-milling-parameters,complex-5-axis-titanium-bracket,related_to,complex-5-axis-titanium-bracket,high
/cases/complex-5-axis-titanium-bracket/,5-axis-vs-3-axis-machining,complex-5-axis-titanium-bracket,related_to,complex-5-axis-titanium-bracket,high
/cases/complex-5-axis-titanium-bracket/,grade-5-vs-grade-23,complex-5-axis-titanium-bracket,related_to,complex-5-axis-titanium-bracket,high
/cases/complex-5-axis-titanium-bracket/,Mazak i700 5-Axis,complex-5-axis-titanium-bracket,related_to,complex-5-axis-titanium-bracket,high
/cases/complex-5-axis-titanium-bracket/,Mazak Integrex i-200,complex-5-axis-titanium-bracket,related_to,complex-5-axis-titanium-bracket,high
/cases/grade-23-orthopedic-component/,5-axis-machining,grade-23-orthopedic-component,related_to,grade-23-orthopedic-component,high
/cases/grade-23-orthopedic-component/,milling,grade-23-orthopedic-component,related_to,grade-23-orthopedic-component,high
/cases/grade-23-orthopedic-component/,polishing,grade-23-orthopedic-component,related_to,grade-23-orthopedic-component,high
/cases/grade-23-orthopedic-component/,ASTM F136,grade-23-orthopedic-component,related_to,grade-23-orthopedic-component,high
/cases/grade-23-orthopedic-component/,ISO 13485,grade-23-orthopedic-component,related_to,grade-23-orthopedic-component,high
/cases/grade-23-orthopedic-component/,ASTM B348,grade-23-orthopedic-component,related_to,grade-23-orthopedic-component,high
/cases/grade-23-orthopedic-component/,grade-23-titanium,grade-23-orthopedic-component,related_to,grade-23-orthopedic-component,high
/cases/grade-23-orthopedic-component/,astm-f136,grade-23-orthopedic-component,related_to,grade-23-orthopedic-component,high
/cases/grade-23-orthopedic-component/,iso-13485,grade-23-orthopedic-component,related_to,grade-23-orthopedic-component,high
/cases/grade-23-orthopedic-component/,astm-b348,grade-23-orthopedic-component,related_to,grade-23-orthopedic-component,high
/cases/grade-23-orthopedic-component/,medical-titanium-components,grade-23-orthopedic-component,related_to,grade-23-orthopedic-component,high
/cases/grade-23-orthopedic-component/,grade-23-titanium-machining,grade-23-orthopedic-component,related_to,grade-23-orthopedic-component,high
/cases/grade-23-orthopedic-component/,titanium-cnc-machining,grade-23-orthopedic-component,related_to,grade-23-orthopedic-component,high
/cases/grade-23-orthopedic-component/,bone-plate,grade-23-orthopedic-component,related_to,grade-23-orthopedic-component,high
/cases/grade-23-orthopedic-component/,dental-implant,grade-23-orthopedic-component,related_to,grade-23-orthopedic-component,high
/cases/grade-23-orthopedic-component/,grade-23-material-properties,grade-23-orthopedic-component,related_to,grade-23-orthopedic-component,high
/cases/grade-23-orthopedic-component/,5-axis-tolerances,grade-23-orthopedic-component,related_to,grade-23-orthopedic-component,high
/cases/grade-23-orthopedic-component/,grade-5-vs-grade-23,grade-23-orthopedic-component,related_to,grade-23-orthopedic-component,high
/cases/grade-23-orthopedic-component/,Mazak i500 5-Axis,grade-23-orthopedic-component,related_to,grade-23-orthopedic-component,high
/cases/medical-fixture/,5-axis-machining,medical-fixture,related_to,medical-fixture,high
/cases/medical-fixture/,micro-machining,medical-fixture,related_to,medical-fixture,high
/cases/medical-fixture/,milling,medical-fixture,related_to,medical-fixture,high
/cases/medical-fixture/,ASTM F136,medical-fixture,related_to,medical-fixture,high
/cases/medical-fixture/,ISO 13485,medical-fixture,related_to,medical-fixture,high
/cases/medical-fixture/,grade-23-titanium,medical-fixture,related_to,medical-fixture,high
/cases/medical-fixture/,astm-f136,medical-fixture,related_to,medical-fixture,high
/cases/medical-fixture/,iso-13485,medical-fixture,related_to,medical-fixture,high
/cases/medical-fixture/,medical-titanium-components,medical-fixture,related_to,medical-fixture,high
/cases/medical-fixture/,grade-23-titanium-machining,medical-fixture,related_to,medical-fixture,high
/cases/medical-fixture/,titanium-cnc-machining,medical-fixture,related_to,medical-fixture,high
/cases/medical-fixture/,medical-implant,medical-fixture,related_to,medical-fixture,high
/cases/medical-fixture/,surgical-instrument,medical-fixture,related_to,medical-fixture,high
/cases/medical-fixture/,5-axis-tolerances,medical-fixture,related_to,medical-fixture,high
/cases/medical-fixture/,grade-23-material-properties,medical-fixture,related_to,medical-fixture,high
/cases/medical-fixture/,grade-5-vs-grade-23,medical-fixture,related_to,medical-fixture,high
/cases/medical-fixture/,DMG Mori NMV 5000,medical-fixture,related_to,medical-fixture,high
/cases/medical-implant-fixture/,5-axis-machining,medical-implant-fixture,related_to,medical-implant-fixture,high
/cases/medical-implant-fixture/,micro-machining,medical-implant-fixture,related_to,medical-implant-fixture,high
/cases/medical-implant-fixture/,milling,medical-implant-fixture,related_to,medical-implant-fixture,high
/cases/medical-implant-fixture/,ASTM F136,medical-implant-fixture,related_to,medical-implant-fixture,high
/cases/medical-implant-fixture/,ISO 13485,medical-implant-fixture,related_to,medical-implant-fixture,high
/cases/medical-implant-fixture/,grade-23-titanium,medical-implant-fixture,related_to,medical-implant-fixture,high
/cases/medical-implant-fixture/,astm-f136,medical-implant-fixture,related_to,medical-implant-fixture,high
/cases/medical-implant-fixture/,iso-13485,medical-implant-fixture,related_to,medical-implant-fixture,high
/cases/medical-implant-fixture/,medical-titanium-components,medical-implant-fixture,related_to,medical-implant-fixture,high
/cases/medical-implant-fixture/,grade-23-titanium-machining,medical-implant-fixture,related_to,medical-implant-fixture,high
/cases/medical-implant-fixture/,titanium-cnc-machining,medical-implant-fixture,related_to,medical-implant-fixture,high
/cases/medical-implant-fixture/,medical-implant,medical-implant-fixture,related_to,medical-implant-fixture,high
/cases/medical-implant-fixture/,surgical-instrument,medical-implant-fixture,related_to,medical-implant-fixture,high
/cases/medical-implant-fixture/,5-axis-tolerances,medical-implant-fixture,related_to,medical-implant-fixture,high
/cases/medical-implant-fixture/,grade-23-material-properties,medical-implant-fixture,related_to,medical-implant-fixture,high
/cases/medical-implant-fixture/,grade-5-vs-grade-23,medical-implant-fixture,related_to,medical-implant-fixture,high
/cases/medical-implant-fixture/,DMG Mori NMV 5000,medical-implant-fixture,related_to,medical-implant-fixture,high
/cases/orthopedic-component/,5-axis-machining,orthopedic-component,related_to,orthopedic-component,high
/cases/orthopedic-component/,milling,orthopedic-component,related_to,orthopedic-component,high
/cases/orthopedic-component/,polishing,orthopedic-component,related_to,orthopedic-component,high
/cases/orthopedic-component/,ASTM F136,orthopedic-component,related_to,orthopedic-component,high
/cases/orthopedic-component/,ISO 13485,orthopedic-component,related_to,orthopedic-component,high
/cases/orthopedic-component/,ASTM B348,orthopedic-component,related_to,orthopedic-component,high
/cases/orthopedic-component/,grade-23-titanium,orthopedic-component,related_to,orthopedic-component,high
/cases/orthopedic-component/,astm-f136,orthopedic-component,related_to,orthopedic-component,high
/cases/orthopedic-component/,iso-13485,orthopedic-component,related_to,orthopedic-component,high
/cases/orthopedic-component/,astm-b348,orthopedic-component,related_to,orthopedic-component,high
/cases/orthopedic-component/,medical-titanium-components,orthopedic-component,related_to,orthopedic-component,high
/cases/orthopedic-component/,grade-23-titanium-machining,orthopedic-component,related_to,orthopedic-component,high
/cases/orthopedic-component/,titanium-cnc-machining,orthopedic-component,related_to,orthopedic-component,high
/cases/orthopedic-component/,bone-plate,orthopedic-component,related_to,orthopedic-component,high
/cases/orthopedic-component/,dental-implant,orthopedic-component,related_to,orthopedic-component,high
/cases/orthopedic-component/,grade-23-material-properties,orthopedic-component,related_to,orthopedic-component,high
/cases/orthopedic-component/,5-axis-tolerances,orthopedic-component,related_to,orthopedic-component,high
/cases/orthopedic-component/,grade-5-vs-grade-23,orthopedic-component,related_to,orthopedic-component,high
/cases/orthopedic-component/,Mazak i500 5-Axis,orthopedic-component,related_to,orthopedic-component,high
/cases/semiconductor-vacuum-component/,cnc-machining,semiconductor-vacuum-component,related_to,semiconductor-vacuum-component,high
/cases/semiconductor-vacuum-component/,welding,semiconductor-vacuum-component,related_to,semiconductor-vacuum-component,high
/cases/semiconductor-vacuum-component/,turning,semiconductor-vacuum-component,related_to,semiconductor-vacuum-component,high
/cases/semiconductor-vacuum-component/,SEMI E67,semiconductor-vacuum-component,related_to,semiconductor-vacuum-component,high
/cases/semiconductor-vacuum-component/,ISO 2768-m,semiconductor-vacuum-component,related_to,semiconductor-vacuum-component,high
/cases/semiconductor-vacuum-component/,grade-2-titanium,semiconductor-vacuum-component,related_to,semiconductor-vacuum-component,high
/cases/semiconductor-vacuum-component/,semi-e67,semiconductor-vacuum-component,related_to,semiconductor-vacuum-component,high
/cases/semiconductor-vacuum-component/,iso-2768,semiconductor-vacuum-component,related_to,semiconductor-vacuum-component,high
/cases/semiconductor-vacuum-component/,semiconductor-titanium-parts,semiconductor-vacuum-component,related_to,semiconductor-vacuum-component,high
/cases/semiconductor-vacuum-component/,titanium-cnc-machining,semiconductor-vacuum-component,related_to,semiconductor-vacuum-component,high
/cases/semiconductor-vacuum-component/,vacuum-chamber,semiconductor-vacuum-component,related_to,semiconductor-vacuum-component,high
/cases/semiconductor-vacuum-component/,wafer-fixture,semiconductor-vacuum-component,related_to,semiconductor-vacuum-component,high
/cases/semiconductor-vacuum-component/,grade-23-material-properties,semiconductor-vacuum-component,related_to,semiconductor-vacuum-component,high
/cases/semiconductor-vacuum-component/,DMG Mori CLX 350,semiconductor-vacuum-component,related_to,semiconductor-vacuum-component,high
/cases/semiconductor-vacuum-component/,CNC milling center,semiconductor-vacuum-component,related_to,semiconductor-vacuum-component,high
/cases/thin-wall-aerospace-housing/,5-axis-machining,thin-wall-aerospace-housing,related_to,thin-wall-aerospace-housing,high
/cases/thin-wall-aerospace-housing/,cnc-machining,thin-wall-aerospace-housing,related_to,thin-wall-aerospace-housing,high
/cases/thin-wall-aerospace-housing/,milling,thin-wall-aerospace-housing,related_to,thin-wall-aerospace-housing,high
/cases/thin-wall-aerospace-housing/,AS9100D,thin-wall-aerospace-housing,related_to,thin-wall-aerospace-housing,high
/cases/thin-wall-aerospace-housing/,ISO 2768-f,thin-wall-aerospace-housing,related_to,thin-wall-aerospace-housing,high
/cases/thin-wall-aerospace-housing/,grade-5-titanium,thin-wall-aerospace-housing,related_to,thin-wall-aerospace-housing,high
/cases/thin-wall-aerospace-housing/,as9100d,thin-wall-aerospace-housing,related_to,thin-wall-aerospace-housing,high
/cases/thin-wall-aerospace-housing/,iso-2768,thin-wall-aerospace-housing,related_to,thin-wall-aerospace-housing,high
/cases/thin-wall-aerospace-housing/,aerospace-titanium-components,thin-wall-aerospace-housing,related_to,thin-wall-aerospace-housing,high
/cases/thin-wall-aerospace-housing/,titanium-cnc-machining,thin-wall-aerospace-housing,related_to,thin-wall-aerospace-housing,high
/cases/thin-wall-aerospace-housing/,aerospace-housing,thin-wall-aerospace-housing,related_to,thin-wall-aerospace-housing,high
/cases/thin-wall-aerospace-housing/,thin-wall-machining,thin-wall-aerospace-housing,related_to,thin-wall-aerospace-housing,high
/cases/thin-wall-aerospace-housing/,5-axis-tolerances,thin-wall-aerospace-housing,related_to,thin-wall-aerospace-housing,high
/cases/thin-wall-aerospace-housing/,grade-5-milling-parameters,thin-wall-aerospace-housing,related_to,thin-wall-aerospace-housing,high
/cases/thin-wall-aerospace-housing/,5-axis-vs-3-axis-machining,thin-wall-aerospace-housing,related_to,thin-wall-aerospace-housing,high
/cases/thin-wall-aerospace-housing/,Mazak i700 5-Axis,thin-wall-aerospace-housing,related_to,thin-wall-aerospace-housing,high