file,collection,kind,slug,route,locale,title,words,tables,mdLinks,quickAnswer,properties,dataPoints,faqs,checklist,source,sourceUrl,relatedEntityCount,rendered
src\content\core\materials\grade-1-titanium.md,materials,Material,grade-1-titanium,/grades/grade-1-titanium/,en,Commercially Pure Titanium Grade 1,233,1,0,true,true,false,false,false,false,false,20,YES
src\content\core\materials\grade-11-titanium.md,materials,Material,grade-11-titanium,/grades/grade-11-titanium/,en,Ti-0.15Pd (Grade 11) Titanium,114,1,0,true,true,false,false,false,false,false,13,YES
src\content\core\materials\grade-12-titanium.md,materials,Material,grade-12-titanium,/grades/grade-12-titanium/,en,Ti-0.3Mo-0.8Ni (Grade 12) Titanium,113,1,0,true,true,false,false,false,false,false,17,YES
src\content\core\materials\grade-2-titanium.md,materials,Material,grade-2-titanium,/grades/grade-2-titanium/,en,Commercially Pure Titanium Grade 2,453,1,0,true,true,false,false,false,false,false,20,YES
src\content\core\materials\grade-23-titanium.md,materials,Material,grade-23-titanium,/grades/grade-23-titanium/,en,Ti-6Al-4V ELI (Grade 23) Titanium,546,1,0,true,true,false,false,false,false,false,22,YES
src\content\core\materials\grade-3-titanium.md,materials,Material,grade-3-titanium,/grades/grade-3-titanium/,en,Commercially Pure Titanium Grade 3,197,1,0,true,true,false,false,false,false,false,18,YES
src\content\core\materials\grade-4-titanium.md,materials,Material,grade-4-titanium,/grades/grade-4-titanium/,en,Commercially Pure Titanium Grade 4,180,1,0,true,true,false,false,false,false,false,20,YES
src\content\core\materials\grade-5-titanium.md,materials,Material,grade-5-titanium,/grades/grade-5-titanium/,en,Ti-6Al-4V (Grade 5) Titanium,516,1,0,true,true,false,false,false,false,false,25,YES
src\content\core\materials\grade-7-titanium.md,materials,Material,grade-7-titanium,/grades/grade-7-titanium/,en,Ti-0.15Pd (Grade 7) Titanium,155,1,0,true,true,false,false,false,false,false,17,YES
src\content\core\materials\grade-9-titanium.md,materials,Material,grade-9-titanium,/grades/grade-9-titanium/,en,Ti-3Al-2.5V (Grade 9) Titanium,530,1,0,true,true,false,false,false,false,false,20,YES
src\content\core\materials\ta15-titanium.md,materials,Material,ta15-titanium,/grades/ta15-titanium/,en,TA15 (Ti-6.5Al-2Zr-1Mo-1V) Titanium,112,1,0,true,true,false,false,false,false,false,13,YES
src\content\core\materials\ti-10v-2fe-3al.md,materials,Material,ti-10v-2fe-3al,/grades/ti-10v-2fe-3al/,en,Ti-10V-2Fe-3Al (Ti-10-2-3) Titanium,110,1,0,true,true,false,false,false,false,false,15,YES
src\content\core\materials\ti-5al-2sn.md,materials,Material,ti-5al-2sn,/grades/ti-5al-2sn/,en,Ti-5Al-2.5Sn (Grade 6) Titanium,114,1,0,true,true,false,false,false,false,false,15,YES
src\content\core\materials\ti-6al-2sn-4zr-2mo.md,materials,Material,ti-6al-2sn-4zr-2mo,/grades/ti-6al-2sn-4zr-2mo/,en,Ti-6Al-2Sn-4Zr-2Mo (Ti-6242) Titanium,119,1,0,true,true,false,false,false,false,false,15,YES
src\content\core\processes\5-axis-machining.md,processes,Process,5-axis-machining,/processes/5-axis-machining/,en,What Is 5-Axis CNC Machining for Titanium? - Complete Process Guide,365,1,0,true,false,false,false,false,false,false,11,YES
src\content\core\processes\cnc-machining.md,processes,Process,cnc-machining,/processes/cnc-machining/,en,cnc-machining,321,1,0,true,false,false,false,false,false,false,0,YES
src\content\core\processes\cnc-milling.md,processes,Process,cnc-milling,/processes/cnc-milling/,en,cnc-milling,217,1,0,true,false,false,false,false,false,false,0,YES
src\content\core\processes\cnc-turning.md,processes,Process,cnc-turning,/processes/cnc-turning/,en,cnc-turning,469,1,0,true,false,false,false,false,false,false,0,YES
src\content\core\processes\dmls-vs-ebm.md,processes,Process,dmls-vs-ebm,/processes/dmls-vs-ebm/,en,Titanium 3D Printing: DMLS vs EBM Comparison,49,1,0,true,false,false,false,false,false,false,6,YES
src\content\core\processes\dmls.md,processes,Process,dmls,/processes/dmls/,en,dmls,557,1,0,true,false,false,false,false,false,false,0,YES
src\content\core\processes\edm.md,processes,Process,edm,/processes/edm/,en,edm,214,1,0,true,false,false,false,false,false,false,0,YES
src\content\core\processes\hot-isostatic-pressing.md,processes,Process,hot-isostatic-pressing,/processes/hot-isostatic-pressing/,en,hot-isostatic-pressing,188,1,0,true,false,false,false,false,false,false,0,YES
src\content\core\processes\laser-cutting.md,processes,Process,laser-cutting,/processes/laser-cutting/,en,laser-cutting,211,1,0,true,false,false,false,false,false,false,0,YES
src\content\core\processes\titanium-casting.md,processes,Process,titanium-casting,/processes/titanium-casting/,en,Titanium Investment Casting Guide,36,1,0,true,false,false,false,false,false,false,5,YES
src\content\core\processes\titanium-forging.md,processes,Process,titanium-forging,/processes/titanium-forging/,en,"Titanium Forging: Process, Alloys & Applications",43,1,0,true,false,false,false,false,false,false,6,YES
src\content\core\processes\titanium-sheet-metal.md,processes,Process,titanium-sheet-metal,/processes/titanium-sheet-metal/,en,Titanium Sheet Metal Fabrication & Forming,52,1,0,true,false,false,false,false,false,false,5,YES
src\content\core\processes\titanium-welding.md,processes,Process,titanium-welding,/processes/titanium-welding/,en,"Titanium Welding Guide: TIG, Laser, EBW Best Practices",54,1,0,true,false,false,false,false,false,false,8,YES
src\content\core\processes\waterjet-cutting.md,processes,Process,waterjet-cutting,/processes/waterjet-cutting/,en,waterjet-cutting,195,1,0,true,false,false,false,false,false,false,0,YES
src\content\core\processes\wire-edm.md,processes,Process,wire-edm,/processes/wire-edm/,en,wire-edm,482,1,0,true,false,false,false,false,false,false,0,YES
src\content\core\industries\aerospace-titanium-parts.md,industries,Industry,aerospace-titanium-parts,/industries/aerospace-titanium-parts/,en,Aerospace Titanium Parts,119,0,0,true,false,false,false,false,false,false,13,YES
src\content\core\industries\automotive.md,industries,Industry,automotive,/industries/automotive/,en,automotive,91,0,0,true,false,false,false,false,false,false,0,YES
src\content\core\industries\chemical-processing.md,industries,Industry,chemical-processing,/industries/chemical-processing/,en,chemical-processing,116,0,0,true,false,false,false,false,false,false,0,YES
src\content\core\industries\defence.md,industries,Industry,defence,/industries/defence/,en,defence,105,0,0,true,false,false,false,false,false,false,0,YES
src\content\core\industries\marine.md,industries,Industry,marine,/industries/marine/,en,marine,108,0,0,true,false,false,false,false,false,false,0,YES
src\content\core\industries\medical-device.md,industries,Industry,medical-device,/industries/medical-device/,en,medical-device,120,0,0,true,false,false,false,false,false,false,0,YES
src\content\core\industries\oil-and-gas.md,industries,Industry,oil-and-gas,/industries/oil-and-gas/,en,oil-and-gas,98,0,0,true,false,false,false,false,false,false,0,YES
src\content\core\industries\semiconductor-manufacturing.md,industries,Industry,semiconductor-manufacturing,/industries/semiconductor-manufacturing/,en,semiconductor-manufacturing,100,0,0,true,false,false,false,false,false,false,0,YES
src\content\core\standards\ams-4911.md,standards,Standard,ams-4911,/standards/ams-4911/,en,ams-4911,72,0,0,true,false,false,false,false,false,false,0,YES
src\content\core\standards\ams-4928.md,standards,Standard,ams-4928,/standards/ams-4928/,en,ams-4928,98,0,0,true,false,false,false,false,false,false,0,YES
src\content\core\standards\ams-4965.md,standards,Standard,ams-4965,/standards/ams-4965/,en,ams-4965,72,0,0,true,false,false,false,false,false,false,0,YES
src\content\core\standards\as9100d.md,standards,Standard,as9100d,/standards/as9100d/,en,AS9100D — Aerospace Quality Management System,493,1,0,true,false,false,false,false,false,false,7,YES
src\content\core\standards\astm-b265.md,standards,Standard,astm-b265,/standards/astm-b265/,en,"ASTM B265 — Titanium Sheet, Strip, and Plate Standard",495,1,0,true,false,false,false,false,false,false,7,YES
src\content\core\standards\astm-b348.md,standards,Standard,astm-b348,/standards/astm-b348/,en,ASTM B348 — Titanium Bars and Billets Standard,460,1,0,true,false,false,false,false,false,false,9,YES
src\content\core\standards\astm-b381.md,standards,Standard,astm-b381,/standards/astm-b381/,en,astm-b381,105,0,0,true,false,false,false,false,false,false,0,YES
src\content\core\standards\astm-f136.md,standards,Standard,astm-f136,/standards/astm-f136/,en,ASTM F136 — Wrought Ti-6Al-4V ELI for Medical Implants,517,1,0,true,false,false,false,false,false,false,3,YES
src\content\core\standards\astm-f2066.md,standards,Standard,astm-f2066,/standards/astm-f2066/,en,astm-f2066,79,0,0,true,false,false,false,false,false,false,0,YES
src\content\core\standards\iso-13485.md,standards,Standard,iso-13485,/standards/iso-13485/,en,ISO 13485 — Medical Device Quality Management System,546,1,0,true,false,false,false,false,false,false,4,YES
src\content\core\standards\iso-9001.md,standards,Standard,iso-9001,/standards/iso-9001/,en,iso-9001,73,0,0,true,false,false,false,false,false,false,0,YES
src\content\core\standards\nadcap.md,standards,Standard,nadcap,/standards/nadcap/,en,nadcap,80,0,0,true,false,false,false,false,false,false,0,YES
src\content\core\surface-finishes\bead-blasting.md,surfaceFinishes,Finish,bead-blasting,/finishes/bead-blasting/,en,bead-blasting,155,1,0,true,false,false,false,false,false,false,0,YES
src\content\core\surface-finishes\chemical-etching.md,surfaceFinishes,Finish,chemical-etching,/finishes/chemical-etching/,en,chemical-etching,127,0,0,true,false,false,false,false,false,false,0,YES
src\content\core\surface-finishes\electropolishing.md,surfaceFinishes,Finish,electropolishing,/finishes/electropolishing/,en,electropolishing,126,0,0,true,false,false,false,false,false,false,0,YES
src\content\core\surface-finishes\passivation.md,surfaceFinishes,Finish,passivation,/finishes/passivation/,en,passivation,144,0,0,true,false,false,false,false,false,false,0,YES
src\content\core\surface-finishes\polishing.md,surfaceFinishes,Finish,polishing,/finishes/polishing/,en,polishing,129,1,0,true,false,false,false,false,false,false,0,YES
src\content\core\surface-finishes\pvd-coating.md,surfaceFinishes,Finish,pvd-coating,/finishes/pvd-coating/,en,pvd-coating,130,0,0,true,false,false,false,false,false,false,0,YES
src\content\core\surface-finishes\titanium-anodizing.md,surfaceFinishes,Finish,titanium-anodizing,/finishes/titanium-anodizing/,en,Titanium Anodizing — Complete Guide,30,0,0,true,false,false,false,false,false,false,4,YES
src\content\core\material-selection\aerospace-titanium.md,materialSelection,SelectionGuide,aerospace-titanium,/select/aerospace-titanium/,en,Aerospace Titanium Alloys Selection Guide,39,1,0,true,false,false,false,false,false,false,4,YES
src\content\core\material-selection\grade-selection-guide.md,materialSelection,SelectionGuide,grade-selection-guide,/select/grade-selection-guide/,en,How to Choose the Right Titanium Grade,54,1,0,true,false,false,false,false,false,false,5,YES
src\content\core\material-selection\medical-grade-titanium.md,materialSelection,SelectionGuide,medical-grade-titanium,/select/medical-grade-titanium/,en,Medical Grade Titanium: Grade 2 vs 5 vs 23,45,1,0,true,false,false,false,false,false,false,4,YES
src\content\core\material-selection\titanium-grades-chart.md,materialSelection,SelectionGuide,titanium-grades-chart,/select/titanium-grades-chart/,en,Titanium Grades Chart: ASTM/AMS/ISO Cross-Reference,54,1,0,true,false,false,false,false,false,false,9,YES
src\content\core\material-selection\titanium-vs-316-stainless.md,materialSelection,SelectionGuide,titanium-vs-316-stainless,/select/titanium-vs-316-stainless/,en,Titanium vs 316 Stainless Steel: Complete Comparison,43,1,0,true,false,false,false,false,false,false,4,YES
src\content\core\material-selection\titanium-vs-aluminum.md,materialSelection,SelectionGuide,titanium-vs-aluminum,/select/titanium-vs-aluminum/,en,Titanium vs 6061/7075 Aluminum: Complete Comparison,43,1,0,true,false,false,false,false,false,false,3,YES
src\content\core\material-selection\titanium-vs-carbon-steel.md,materialSelection,SelectionGuide,titanium-vs-carbon-steel,/select/titanium-vs-carbon-steel/,en,Titanium vs Carbon Steel: Strength & Weight Comparison,49,1,0,true,false,false,false,false,false,false,3,YES
src\content\core\material-selection\titanium-vs-inconel.md,materialSelection,SelectionGuide,titanium-vs-inconel,/select/titanium-vs-inconel/,en,Titanium vs Inconel: High Temperature Comparison,43,1,0,true,false,false,false,false,false,false,3,YES
src\content\core\failure-analysis\alpha-case.md,failureAnalysis,FailureMode,alpha-case,/failures/alpha-case/,en,"Alpha Case in Titanium: Formation, Detection & Removal",42,1,0,true,false,false,false,false,false,false,4,YES
src\content\core\failure-analysis\fatigue.md,failureAnalysis,FailureMode,fatigue,/failures/fatigue/,en,Fatigue Failure in Titanium Components,56,1,0,true,false,false,false,false,false,false,4,YES
src\content\core\failure-analysis\hydrogen-embritlement.md,failureAnalysis,FailureMode,hydrogen-embritlement,/failures/hydrogen-embritlement/,en,Hydrogen Embrittlement in Titanium,48,1,0,true,false,false,false,false,false,false,3,YES
src\content\core\failure-analysis\machining-defects.md,failureAnalysis,FailureMode,machining-defects,/failures/machining-defects/,en,15 Common Titanium Machining Defects & Solutions,54,1,0,true,false,false,false,false,false,false,4,YES
src\content\core\failure-analysis\overview.md,failureAnalysis,FailureMode,overview,/failures/overview/,en,Titanium Failure Analysis: Common Defects & Root Causes,42,1,0,true,false,false,false,false,false,false,4,YES
src\content\core\failure-analysis\welding-defects.md,failureAnalysis,FailureMode,welding-defects,/failures/welding-defects/,en,Common Titanium Welding Defects & Prevention,36,1,0,true,false,false,false,false,false,false,3,YES
src\content\core\heat-treatment\annealing.md,heatTreatment,Process,annealing,/heat-treatment/annealing/,en,"Titanium Annealing: Process, Parameters & Applications",60,1,0,true,false,false,false,false,false,false,6,YES
src\content\core\heat-treatment\defects.md,heatTreatment,Process,defects,/heat-treatment/defects/,en,Common Titanium Heat Treatment Defects & Prevention,45,1,0,true,false,false,false,false,false,false,3,YES
src\content\core\heat-treatment\grade-guide.md,heatTreatment,Process,grade-guide,/heat-treatment/grade-guide/,en,Heat Treatment Parameters for Grade 2/5/23 Titanium,56,1,0,true,false,false,false,false,false,false,5,YES
src\content\core\heat-treatment\overview.md,heatTreatment,Process,overview,/heat-treatment/overview/,en,Titanium Heat Treatment: Complete Guide,70,1,0,true,false,false,false,false,false,false,6,YES
src\content\core\heat-treatment\solution-treatment-aging.md,heatTreatment,Process,solution-treatment-aging,/heat-treatment/solution-treatment-aging/,en,Solution Treatment & Aging of Titanium Alloys,58,1,0,true,false,false,false,false,false,false,6,YES
src\content\core\heat-treatment\stress-relief.md,heatTreatment,Process,stress-relief,/heat-treatment/stress-relief/,en,Stress Relief for Titanium Machined Parts,40,1,0,true,false,false,false,false,false,false,5,YES
src\content\core\corrosion\acid-resistance.md,corrosion,Corrosion,acid-resistance,/corrosion/acid-resistance/,en,Titanium Corrosion in Acids,48,1,0,true,false,false,false,false,false,false,3,YES
src\content\core\corrosion\chloride-scc.md,corrosion,Corrosion,chloride-scc,/corrosion/chloride-scc/,en,Chloride SCC in Titanium,38,0,0,true,false,false,false,false,false,false,3,YES
src\content\core\corrosion\galvanic.md,corrosion,Corrosion,galvanic,/corrosion/galvanic/,en,Galvanic Corrosion of Titanium,34,1,0,true,false,false,false,false,false,false,4,YES
src\content\core\corrosion\overview.md,corrosion,Corrosion,overview,/corrosion/overview/,en,Titanium Corrosion Resistance: Complete Guide,48,1,0,true,false,false,false,false,false,false,7,YES
src\content\core\corrosion\prevention.md,corrosion,Corrosion,prevention,/corrosion/prevention/,en,Titanium Corrosion Prevention,31,1,0,true,false,false,false,false,false,false,4,YES
src\content\core\corrosion\seawater.md,corrosion,Corrosion,seawater,/corrosion/seawater/,en,Titanium in Seawater: Corrosion Performance,38,1,0,true,false,false,false,false,false,false,4,YES
src\content\derived\evidence\5-axis-machining-data.md,evidence,Evidence,5-axis-machining-data,/evidence/5-axis-machining-data/,en,5-axis-machining-data,87,1,0,false,false,false,false,false,false,false,0,NO
src\content\derived\evidence\5-axis-tolerances.md,evidence,Evidence,5-axis-tolerances,/evidence/5-axis-tolerances/,en,5-Axis Titanium Machining — Achievable Tolerances,219,1,0,true,false,true,true,false,true,false,7,NO
src\content\derived\evidence\bead-blasting-surface-roughness.md,evidence,Evidence,bead-blasting-surface-roughness,/evidence/bead-blasting-surface-roughness/,en,Titanium Bead Blasting — Surface Roughness Data,201,1,0,true,false,true,true,false,true,false,5,NO
src\content\derived\evidence\cnc-turning-parameters.md,evidence,Evidence,cnc-turning-parameters,/evidence/cnc-turning-parameters/,en,cnc-turning-parameters,91,1,0,false,false,false,false,false,false,false,0,NO
src\content\derived\evidence\dmls-parameters.md,evidence,Evidence,dmls-parameters,/evidence/dmls-parameters/,en,dmls-parameters,92,1,0,false,false,false,false,false,false,false,0,NO
src\content\derived\evidence\grade-1-properties.md,evidence,Evidence,grade-1-properties,/evidence/grade-1-properties/,en,grade-1-properties,59,1,0,false,false,false,false,false,false,false,0,NO
src\content\derived\evidence\grade-12-properties.md,evidence,Evidence,grade-12-properties,/evidence/grade-12-properties/,en,grade-12-properties,46,1,0,false,false,false,false,false,false,false,0,NO
src\content\derived\evidence\grade-2-properties.md,evidence,Evidence,grade-2-properties,/evidence/grade-2-properties/,en,grade-2-properties,94,1,0,false,false,false,false,false,false,false,0,NO
src\content\derived\evidence\grade-23-material-properties.md,evidence,Evidence,grade-23-material-properties,/evidence/grade-23-material-properties/,en,Ti-6Al-4V ELI (Grade 23) — Complete Material Properties,213,1,0,true,false,true,true,false,true,true,6,NO
src\content\derived\evidence\grade-3-properties.md,evidence,Evidence,grade-3-properties,/evidence/grade-3-properties/,en,grade-3-properties,50,1,0,false,false,false,false,false,false,false,0,NO
src\content\derived\evidence\grade-4-properties.md,evidence,Evidence,grade-4-properties,/evidence/grade-4-properties/,en,grade-4-properties,50,1,0,false,false,false,false,false,false,false,0,NO
src\content\derived\evidence\grade-5-milling-parameters.md,evidence,Evidence,grade-5-milling-parameters,/evidence/grade-5-milling-parameters/,en,Ti-6Al-4V Milling — Recommended Cutting Parameters,199,1,0,true,false,true,true,false,true,false,4,NO
src\content\derived\evidence\grade-5-milling-roughing-data.md,evidence,Evidence,grade-5-milling-roughing-data,/evidence/grade-5-milling-roughing-data/,en,grade-5-milling-roughing-data,75,1,0,false,false,false,false,false,false,false,0,NO
src\content\derived\evidence\grade-5-turning-parameters.md,evidence,Evidence,grade-5-turning-parameters,/evidence/grade-5-turning-parameters/,en,grade-5-turning-parameters,82,1,0,false,false,false,false,false,false,false,0,NO
src\content\derived\evidence\grade-7-properties.md,evidence,Evidence,grade-7-properties,/evidence/grade-7-properties/,en,grade-7-properties,47,1,0,false,false,false,false,false,false,false,0,NO
src\content\derived\evidence\grade-9-properties.md,evidence,Evidence,grade-9-properties,/evidence/grade-9-properties/,en,grade-9-properties,70,1,0,false,false,false,false,false,false,false,0,NO
src\content\derived\evidence\machining-tolerances.md,evidence,Evidence,machining-tolerances,/evidence/machining-tolerances/,en,machining-tolerances,127,1,0,false,false,false,false,false,false,false,0,NO
src\content\derived\evidence\surface-finish-comparison.md,evidence,Evidence,surface-finish-comparison,/evidence/surface-finish-comparison/,en,surface-finish-comparison,103,1,0,false,false,false,false,false,false,false,0,NO
src\content\derived\evidence\ti-10-2-3-properties.md,evidence,Evidence,ti-10-2-3-properties,/evidence/ti-10-2-3-properties/,en,ti-10-2-3-properties,50,1,0,false,false,false,false,false,false,false,0,NO
src\content\derived\evidence\ti-6al-4v-hardness-data.md,evidence,Evidence,ti-6al-4v-hardness-data,/evidence/ti-6al-4v-hardness-data/,en,ti-6al-4v-hardness-data,81,1,0,false,false,false,false,false,false,false,0,NO
src\content\derived\evidence\ti-6al-4v-material-properties.md,evidence,Evidence,ti-6al-4v-material-properties,/evidence/ti-6al-4v-material-properties/,en,Ti-6Al-4V (Grade 5) — Complete Material Properties,325,1,0,true,false,true,true,false,true,true,9,NO
src\content\derived\evidence\titanium-anodizing-properties.md,evidence,Evidence,titanium-anodizing-properties,/evidence/titanium-anodizing-properties/,en,titanium-anodizing-properties,98,1,0,false,false,false,false,false,false,false,0,NO
src\content\derived\evidence\titanium-corrosion-data.md,evidence,Evidence,titanium-corrosion-data,/evidence/titanium-corrosion-data/,en,titanium-corrosion-data,82,1,0,false,false,false,false,false,false,false,0,NO
src\content\derived\evidence\titanium-cost-data.md,evidence,Evidence,titanium-cost-data,/evidence/titanium-cost-data/,en,titanium-cost-data,109,1,0,false,false,false,false,false,false,false,0,NO
src\content\derived\evidence\titanium-drilling-data.md,evidence,Evidence,titanium-drilling-data,/evidence/titanium-drilling-data/,en,titanium-drilling-data,111,1,0,false,false,false,false,false,false,false,0,NO
src\content\derived\evidence\titanium-fatigue-data.md,evidence,Evidence,titanium-fatigue-data,/evidence/titanium-fatigue-data/,en,titanium-fatigue-data,87,1,0,false,false,false,false,false,false,false,0,NO
src\content\derived\evidence\titanium-inspection-data.md,evidence,Evidence,titanium-inspection-data,/evidence/titanium-inspection-data/,en,titanium-inspection-data,109,1,0,false,false,false,false,false,false,false,0,NO
src\content\derived\evidence\titanium-surface-roughness-standards.md,evidence,Evidence,titanium-surface-roughness-standards,/evidence/titanium-surface-roughness-standards/,en,titanium-surface-roughness-standards,74,1,0,false,false,false,false,false,false,false,0,NO
src\content\derived\evidence\titanium-welding-data.md,evidence,Evidence,titanium-welding-data,/evidence/titanium-welding-data/,en,titanium-welding-data,148,1,0,false,false,false,false,false,false,false,0,NO
src\content\derived\evidence\wire-edm-parameters.md,evidence,Evidence,wire-edm-parameters,/evidence/wire-edm-parameters/,en,wire-edm-parameters,113,1,0,false,false,false,false,false,false,false,0,NO
src\content\derived\comparisons\5-axis-vs-3-axis-machining.md,comparisons,Comparison,5-axis-vs-3-axis-machining,/compare/5-axis-vs-3-axis-machining/,en,5-axis-vs-3-axis-machining,95,1,0,false,false,false,false,false,false,false,0,YES
src\content\derived\comparisons\anodizing-vs-passivation.md,comparisons,Comparison,anodizing-vs-passivation,/compare/anodizing-vs-passivation/,en,anodizing-vs-passivation,84,1,0,false,false,false,false,false,false,false,0,YES
src\content\derived\comparisons\cnc-machining-vs-dmls.md,comparisons,Comparison,cnc-machining-vs-dmls,/compare/cnc-machining-vs-dmls/,en,CNC Machining vs DMLS/SLM: Complete Comparison for Titanium,398,1,0,true,false,false,true,false,false,false,2,YES
src\content\derived\comparisons\cp-titanium-vs-alloy-titanium.md,comparisons,Comparison,cp-titanium-vs-alloy-titanium,/compare/cp-titanium-vs-alloy-titanium/,en,cp-titanium-vs-alloy-titanium,82,1,0,false,false,false,false,false,false,false,0,YES
src\content\derived\comparisons\grade-2-vs-grade-5.md,comparisons,Comparison,grade-2-vs-grade-5,/compare/grade-2-vs-grade-5/,en,grade-2-vs-grade-5,157,1,0,true,false,false,false,false,false,false,0,YES
src\content\derived\comparisons\grade-2-vs-grade-9.md,comparisons,Comparison,grade-2-vs-grade-9,/compare/grade-2-vs-grade-9/,en,grade-2-vs-grade-9,87,1,0,false,false,false,false,false,false,false,0,YES
src\content\derived\comparisons\grade-5-vs-grade-23.md,comparisons,Comparison,grade-5-vs-grade-23,/compare/grade-5-vs-grade-23/,en,Grade 5 (Ti-6Al-4V) vs Grade 23 (Ti-6Al-4V ELI): Complete Comparison,486,1,0,true,false,false,true,false,false,false,8,YES
src\content\derived\comparisons\grade-5-vs-stainless-304.md,comparisons,Comparison,grade-5-vs-stainless-304,/compare/grade-5-vs-stainless-304/,en,grade-5-vs-stainless-304,89,1,0,false,false,false,false,false,false,false,0,YES
src\content\derived\comparisons\grade-5-vs-ti-6242.md,comparisons,Comparison,grade-5-vs-ti-6242,/compare/grade-5-vs-ti-6242/,en,grade-5-vs-ti-6242,82,1,0,false,false,false,false,false,false,false,0,YES
src\content\derived\comparisons\grade-9-vs-grade-5.md,comparisons,Comparison,grade-9-vs-grade-5,/compare/grade-9-vs-grade-5/,en,grade-9-vs-grade-5,92,1,0,false,false,false,false,false,false,false,0,YES
src\content\derived\comparisons\titanium-vs-aluminum.md,comparisons,Comparison,titanium-vs-aluminum,/compare/titanium-vs-aluminum/,en,titanium-vs-aluminum,83,1,0,false,false,false,false,false,false,false,0,YES
src\content\derived\comparisons\titanium-vs-carbon-fiber.md,comparisons,Comparison,titanium-vs-carbon-fiber,/compare/titanium-vs-carbon-fiber/,en,titanium-vs-carbon-fiber,94,1,0,false,false,false,false,false,false,false,0,YES
src\content\derived\comparisons\titanium-vs-inconel-718.md,comparisons,Comparison,titanium-vs-inconel-718,/compare/titanium-vs-inconel-718/,en,Titanium (Ti-6Al-4V) vs Inconel 718: Complete Comparison,347,1,0,true,false,false,true,false,false,false,6,YES
src\content\derived\comparisons\titanium-vs-stainless-316l.md,comparisons,Comparison,titanium-vs-stainless-316l,/compare/titanium-vs-stainless-316l/,en,titanium-vs-stainless-316l,101,1,0,false,false,false,false,false,false,false,0,YES
src\content\derived\comparisons\vacuum-vs-atmosphere-heat-treat.md,comparisons,Comparison,vacuum-vs-atmosphere-heat-treat,/compare/vacuum-vs-atmosphere-heat-treat/,en,vacuum-vs-atmosphere-heat-treat,85,1,0,false,false,false,false,false,false,false,0,YES
src\content\derived\comparisons\wire-edm-vs-laser-cutting.md,comparisons,Comparison,wire-edm-vs-laser-cutting,/compare/wire-edm-vs-laser-cutting/,en,wire-edm-vs-laser-cutting,118,1,0,false,false,false,false,false,false,false,0,YES
src\content\derived\procurement\as9100d-documentation.md,procurement,Procurement,as9100d-documentation,/procurement/as9100d-documentation/,en,AS9100D Documentation Requirements,0,0,0,true,false,false,false,false,false,false,0,NO
src\content\derived\procurement\cad-file-requirements.md,procurement,Procurement,cad-file-requirements,/procurement/cad-file-requirements/,en,CAD File Requirements for Titanium RFQs,0,0,0,true,false,false,false,false,false,false,0,NO
src\content\derived\procurement\cmm-inspection.md,procurement,Procurement,cmm-inspection,/procurement/cmm-inspection/,en,CMM Inspection for Titanium Components,0,0,0,true,false,false,false,false,false,false,0,NO
src\content\derived\procurement\coa-vs-coc.md,procurement,Procurement,coa-vs-coc,/procurement/coa-vs-coc/,en,COA vs COC for Titanium Material Certifications,0,0,0,true,false,false,false,false,false,false,0,NO
src\content\derived\procurement\drawing-best-practices.md,procurement,Procurement,drawing-best-practices,/procurement/drawing-best-practices/,en,Engineering Drawing Best Practices,0,0,0,true,false,false,false,false,false,false,0,NO
src\content\derived\procurement\export-packaging.md,procurement,Procurement,export-packaging,/procurement/export-packaging/,en,Export Packaging for Titanium Components,0,0,0,true,false,false,false,false,false,false,0,NO
src\content\derived\procurement\fai-guide.md,procurement,Procurement,fai-guide,/procurement/fai-guide/,en,First Article Inspection (FAI) Guide,0,0,0,true,false,false,false,false,false,false,0,NO
src\content\derived\procurement\how-to-submit-rfq.md,procurement,Procurement,how-to-submit-rfq,/procurement/how-to-submit-rfq/,en,How to Submit an RFQ,7,0,0,true,false,false,false,false,false,false,0,NO
src\content\derived\procurement\incoterms-guide.md,procurement,Procurement,incoterms-guide,/procurement/incoterms-guide/,en,Incoterms Guide for Titanium Manufacturing,0,0,0,true,false,false,false,false,false,false,0,NO
src\content\derived\procurement\inspection-report-guide.md,procurement,Procurement,inspection-report-guide,/procurement/inspection-report-guide/,en,Titanium Part Inspection Report Guide,0,0,0,true,false,false,false,false,false,false,0,NO
src\content\derived\procurement\material-certification-guide.md,procurement,Procurement,material-certification-guide,/procurement/material-certification-guide/,en,Material Certification Guide for Titanium Parts,31,0,0,true,false,false,false,false,false,false,0,NO
src\content\derived\procurement\mill-test-report-guide.md,procurement,Procurement,mill-test-report-guide,/procurement/mill-test-report-guide/,en,Mill Test Report (MTR) Guide for Titanium,0,0,0,true,false,false,false,false,false,false,0,NO
src\content\derived\procurement\moq-for-titanium-parts.md,procurement,Procurement,moq-for-titanium-parts,/procurement/moq-for-titanium-parts/,en,Minimum Order Quantities (MOQ) for Titanium Parts,29,0,0,true,false,false,false,false,false,false,0,NO
src\content\derived\procurement\payment-terms.md,procurement,Procurement,payment-terms,/procurement/payment-terms/,en,Payment Terms for Titanium CNC Manufacturing,0,0,0,true,false,false,false,false,false,false,0,NO
src\content\derived\procurement\ppap-for-titanium-parts.md,procurement,Procurement,ppap-for-titanium-parts,/procurement/ppap-for-titanium-parts/,en,PPAP for Titanium Parts,0,0,0,true,false,false,false,false,false,false,0,NO
src\content\derived\procurement\production-lead-time.md,procurement,Procurement,production-lead-time,/procurement/production-lead-time/,en,Production Lead Time Guide,0,0,0,true,false,false,false,false,false,false,0,NO
src\content\derived\procurement\prototype-lead-time.md,procurement,Procurement,prototype-lead-time,/procurement/prototype-lead-time/,en,Prototype Lead Time Guide,0,0,0,true,false,false,false,false,false,false,0,NO
src\content\derived\procurement\rfq-checklist.md,procurement,Procurement,rfq-checklist,/procurement/rfq-checklist/,en,RFQ Checklist for Titanium Parts,26,0,0,true,false,false,false,true,false,false,0,NO
src\content\derived\procurement\risk-management.md,procurement,Procurement,risk-management,/procurement/risk-management/,en,Risk Management for Titanium Parts Procurement,0,0,0,true,false,false,false,false,false,false,0,NO
src\content\derived\procurement\supplier-qualification.md,procurement,Procurement,supplier-qualification,/procurement/supplier-qualification/,en,Supplier Qualification Guide for Titanium Manufacturing,0,0,0,true,false,false,false,false,false,false,0,NO
src\content\derived\procurement\titanium-bar-stock-guide.md,procurement,Procurement,titanium-bar-stock-guide,/procurement/titanium-bar-stock-guide/,en,titanium-bar-stock-guide,81,0,0,false,false,false,false,false,false,false,0,NO
src\content\derived\procurement\titanium-cnc-lead-time.md,procurement,Procurement,titanium-cnc-lead-time,/procurement/titanium-cnc-lead-time/,en,Titanium CNC Machining Lead Time Guide,20,0,0,true,false,false,false,false,false,false,0,NO
src\content\derived\procurement\titanium-forging-guide.md,procurement,Procurement,titanium-forging-guide,/procurement/titanium-forging-guide/,en,titanium-forging-guide,98,0,0,false,false,false,false,false,false,false,0,NO
src\content\derived\procurement\titanium-plate-stock-guide.md,procurement,Procurement,titanium-plate-stock-guide,/procurement/titanium-plate-stock-guide/,en,titanium-plate-stock-guide,71,0,0,false,false,false,false,false,false,false,0,NO
src\content\derived\procurement\titanium-tube-specifications.md,procurement,Procurement,titanium-tube-specifications,/procurement/titanium-tube-specifications/,en,titanium-tube-specifications,74,0,0,false,false,false,false,false,false,false,0,NO
src\content\derived\guides\anodizing-guide.md,guides,Guide,anodizing-guide,/guides/anodizing-guide/,en,anodizing-guide,77,0,0,false,false,false,false,false,false,false,0,YES
src\content\derived\guides\dfm-titanium-guide.md,guides,Guide,dfm-titanium-guide,/guides/dfm-titanium-guide/,en,dfm-titanium-guide,96,0,0,false,false,false,false,false,false,false,0,YES
src\content\derived\guides\grade-2-guide.md,guides,Guide,grade-2-guide,/guides/grade-2-guide/,en,grade-2-guide,82,0,0,false,false,false,false,false,false,false,0,YES
src\content\derived\guides\grade-23-guide.md,guides,Guide,grade-23-guide,/guides/grade-23-guide/,en,grade-23-guide,79,0,0,false,false,false,false,false,false,false,0,YES
src\content\derived\guides\grade-5-guide.md,guides,Guide,grade-5-guide,/guides/grade-5-guide/,en,grade-5-guide,90,0,0,false,false,false,false,false,false,false,0,YES
src\content\derived\guides\grade-selection-guide.md,guides,Guide,grade-selection-guide,/guides/grade-selection-guide/,en,grade-selection-guide,92,0,0,false,false,false,false,false,false,false,0,YES
src\content\derived\guides\procurement-guide.md,guides,Guide,procurement-guide,/guides/procurement-guide/,en,procurement-guide,75,0,0,false,false,false,false,false,false,false,0,YES
src\content\derived\guides\surface-finish-guide.md,guides,Guide,surface-finish-guide,/guides/surface-finish-guide/,en,surface-finish-guide,60,0,0,false,false,false,false,false,false,false,0,YES
src\content\derived\guides\titanium-heat-treatment-guide.md,guides,Guide,titanium-heat-treatment-guide,/guides/titanium-heat-treatment-guide/,en,titanium-heat-treatment-guide,74,0,0,false,false,false,false,false,false,false,0,YES
src\content\derived\guides\titanium-machining-cost-reduction.md,guides,Guide,titanium-machining-cost-reduction,/guides/titanium-machining-cost-reduction/,en,titanium-machining-cost-reduction,77,0,0,false,false,false,false,false,false,false,0,YES
src\content\derived\guides\welding-titanium-guide.md,guides,Guide,welding-titanium-guide,/guides/welding-titanium-guide/,en,welding-titanium-guide,81,0,0,false,false,false,false,false,false,false,0,YES
src\content\derived\cases\5-axis-structural-bracket.md,cases,CaseStudy,5-axis-structural-bracket,/cases/5-axis-structural-bracket/,en,Complex 5-Axis Titanium Structural Bracket — Single-Setup Consolidation,0,0,0,false,false,false,false,false,false,false,21,NO
src\content\derived\cases\aerospace-bracket-case.md,cases,CaseStudy,aerospace-bracket-case,/cases/aerospace-bracket-case/,en,aerospace-bracket-case,92,0,0,false,false,false,false,false,false,false,0,NO
src\content\derived\cases\aerospace-thin-wall-housing.md,cases,CaseStudy,aerospace-thin-wall-housing,/cases/aerospace-thin-wall-housing/,en,Thin-Wall Aerospace Housing — Distortion Control via Symmetric Machining,0,0,0,false,false,false,false,false,false,false,16,NO
src\content\derived\cases\complex-5-axis-titanium-bracket.md,cases,CaseStudy,complex-5-axis-titanium-bracket,/cases/complex-5-axis-titanium-bracket/,en,Complex 5-Axis Titanium Structural Bracket — Multi-Setup Elimination,0,0,0,false,false,false,false,false,false,false,21,NO
src\content\derived\cases\grade-23-orthopedic-component.md,cases,CaseStudy,grade-23-orthopedic-component,/cases/grade-23-orthopedic-component/,en,Grade 23 Orthopedic Implant Component — Surface Integrity,0,0,0,false,false,false,false,false,false,false,19,NO
src\content\derived\cases\medical-fixture.md,cases,CaseStudy,medical-fixture,/cases/medical-fixture/,en,Medical Implant Fixture — Micro-Machining Precision at ±0.005mm,0,0,0,false,false,false,false,false,false,false,17,NO
src\content\derived\cases\medical-implant-dmls-case.md,cases,CaseStudy,medical-implant-dmls-case,/cases/medical-implant-dmls-case/,en,medical-implant-dmls-case,98,0,0,false,false,false,false,false,false,false,0,NO
src\content\derived\cases\medical-implant-fixture.md,cases,CaseStudy,medical-implant-fixture,/cases/medical-implant-fixture/,en,Medical Implant Fixture — Micro-Machining Precision,0,0,0,false,false,false,false,false,false,false,17,NO
src\content\derived\cases\medical-instrument-case.md,cases,CaseStudy,medical-instrument-case,/cases/medical-instrument-case/,en,medical-instrument-case,81,0,0,false,false,false,false,false,false,false,0,NO
src\content\derived\cases\oil-gas-downhole-case.md,cases,CaseStudy,oil-gas-downhole-case,/cases/oil-gas-downhole-case/,en,oil-gas-downhole-case,90,0,0,false,false,false,false,false,false,false,0,NO
src\content\derived\cases\orthopedic-component.md,cases,CaseStudy,orthopedic-component,/cases/orthopedic-component/,en,Grade 23 Orthopedic Implant Component — Surface Integrity for Articulating Surfaces,0,0,0,false,false,false,false,false,false,false,19,NO
src\content\derived\cases\semiconductor-chamber-case.md,cases,CaseStudy,semiconductor-chamber-case,/cases/semiconductor-chamber-case/,en,semiconductor-chamber-case,89,0,0,false,false,false,false,false,false,false,0,NO
src\content\derived\cases\semiconductor-vacuum-component.md,cases,CaseStudy,semiconductor-vacuum-component,/cases/semiconductor-vacuum-component/,en,Semiconductor Vacuum Chamber Component — Weld Distortion Control,0,0,0,false,false,false,false,false,false,false,15,NO
src\content\derived\cases\thin-wall-aerospace-housing.md,cases,CaseStudy,thin-wall-aerospace-housing,/cases/thin-wall-aerospace-housing/,en,Thin-Wall Aerospace Housing — Distortion Control,0,0,0,false,false,false,false,false,false,false,16,NO
src\content\derived\cases\titanium-exhaust-system.md,cases,CaseStudy,titanium-exhaust-system,/cases/titanium-exhaust-system/,en,titanium-exhaust-system,98,0,0,false,false,false,false,false,false,false,0,NO
src\content\applications\aerospace-structural.md,applications,Application,aerospace-structural,/applications/aerospace-structural/,en,Aerospace Structural Components,113,1,0,false,false,false,false,false,false,false,0,NO
src\content\applications\industrial-components.md,applications,Application,industrial-components,/applications/industrial-components/,en,Industrial Components & Chemical Processing,112,1,0,false,false,false,false,false,false,false,0,NO
src\content\applications\medical-implants.md,applications,Application,medical-implants,/applications/medical-implants/,en,Medical Implants & Surgical Instruments,116,1,0,false,false,false,false,false,false,false,0,NO
src\content\applications\semiconductor-vacuum.md,applications,Application,semiconductor-vacuum,/applications/semiconductor-vacuum/,en,Semiconductor Vacuum Components,104,1,0,false,false,false,false,false,false,false,0,NO
src\content\site\blog\getting-started.md,blog,Blog,getting-started,/blog/getting-started/,en,Getting Started with Astro + Cloudflare,255,0,1,false,false,false,true,false,false,false,0,YES
src\content\site\blog\seo-multilingual.md,blog,Blog,seo-multilingual,/blog/seo-multilingual/,en,Optimizing SEO for Multilingual Websites,262,0,0,false,false,false,false,false,false,false,0,YES
src\content\site\blog\welcome.md,blog,Blog,welcome,/blog/welcome/,en,Welcome to the Blog,30,0,0,false,false,false,false,false,false,false,0,YES
src\content\site\faqs\content.json,faqs,FAQ,content,/faq/content/,en,content,48,0,0,false,false,false,false,false,false,false,0,YES
src\content\site\faqs\customization.json,faqs,FAQ,customization,/faq/customization/,en,customization,50,0,0,false,false,false,false,false,false,false,0,YES