file,collection,slug,route,primary_entity,primary_intent,page_role,target_user,decision_stage,unique_value,overlap_risk,recommended_action,info_gain,rendered
src\content\core\materials\grade-1-titanium.md,materials,grade-1-titanium,/grades/grade-1-titanium/,grade-1-titanium,Entity Detail,Entity Detail,Engineer/Designer,Requirement/Selection,quantitative data,LOW,KEEP (rendered),55,YES
src\content\core\materials\grade-11-titanium.md,materials,grade-11-titanium,/grades/grade-11-titanium/,grade-11-titanium,Entity Detail,Entity Detail,Engineer/Designer,Requirement/Selection,quantitative data,LOW,KEEP (rendered),55,YES
src\content\core\materials\grade-12-titanium.md,materials,grade-12-titanium,/grades/grade-12-titanium/,grade-12-titanium,Entity Detail,Entity Detail,Engineer/Designer,Requirement/Selection,quantitative data,LOW,KEEP (rendered),55,YES
src\content\core\materials\grade-2-titanium.md,materials,grade-2-titanium,/grades/grade-2-titanium/,grade-2-titanium,Entity Detail,Entity Detail,Engineer/Designer,Requirement/Selection,quantitative data,LOW,KEEP (rendered),60,YES
src\content\core\materials\grade-23-titanium.md,materials,grade-23-titanium,/grades/grade-23-titanium/,grade-23-titanium,Entity Detail,Entity Detail,Engineer/Designer,Requirement/Selection,quantitative data,LOW,KEEP (rendered),60,YES
src\content\core\materials\grade-3-titanium.md,materials,grade-3-titanium,/grades/grade-3-titanium/,grade-3-titanium,Entity Detail,Entity Detail,Engineer/Designer,Requirement/Selection,quantitative data,LOW,KEEP (rendered),55,YES
src\content\core\materials\grade-4-titanium.md,materials,grade-4-titanium,/grades/grade-4-titanium/,grade-4-titanium,Entity Detail,Entity Detail,Engineer/Designer,Requirement/Selection,quantitative data,LOW,KEEP (rendered),55,YES
src\content\core\materials\grade-5-titanium.md,materials,grade-5-titanium,/grades/grade-5-titanium/,grade-5-titanium,Entity Detail,Entity Detail,Engineer/Designer,Requirement/Selection,quantitative data,LOW,KEEP (rendered),60,YES
src\content\core\materials\grade-7-titanium.md,materials,grade-7-titanium,/grades/grade-7-titanium/,grade-7-titanium,Entity Detail,Entity Detail,Engineer/Designer,Requirement/Selection,quantitative data,LOW,KEEP (rendered),55,YES
src\content\core\materials\grade-9-titanium.md,materials,grade-9-titanium,/grades/grade-9-titanium/,grade-9-titanium,Entity Detail,Entity Detail,Engineer/Designer,Requirement/Selection,quantitative data,LOW,KEEP (rendered),60,YES
src\content\core\materials\ta15-titanium.md,materials,ta15-titanium,/grades/ta15-titanium/,ta15-titanium,Entity Detail,Entity Detail,Engineer/Designer,Requirement/Selection,quantitative data,LOW,KEEP (rendered),55,YES
src\content\core\materials\ti-10v-2fe-3al.md,materials,ti-10v-2fe-3al,/grades/ti-10v-2fe-3al/,ti-10v-2fe-3al,Entity Detail,Entity Detail,Engineer/Designer,Requirement/Selection,quantitative data,LOW,KEEP (rendered),55,YES
src\content\core\materials\ti-5al-2sn.md,materials,ti-5al-2sn,/grades/ti-5al-2sn/,ti-5al-2sn,Entity Detail,Entity Detail,Engineer/Designer,Requirement/Selection,quantitative data,LOW,KEEP (rendered),55,YES
src\content\core\materials\ti-6al-2sn-4zr-2mo.md,materials,ti-6al-2sn-4zr-2mo,/grades/ti-6al-2sn-4zr-2mo/,ti-6al-2sn-4zr-2mo,Entity Detail,Entity Detail,Engineer/Designer,Requirement/Selection,quantitative data,LOW,KEEP (rendered),55,YES
src\content\core\processes\5-axis-machining.md,processes,5-axis-machining,/processes/5-axis-machining/,5-axis-machining,Entity Detail,Entity Detail,Engineer,Process Selection,direct answer,LOW,KEEP (rendered),45,YES
src\content\core\processes\cnc-machining.md,processes,cnc-machining,/processes/cnc-machining/,cnc-machining,Entity Detail,Entity Detail,Engineer,Process Selection,direct answer,LOW,KEEP (rendered),40,YES
src\content\core\processes\cnc-milling.md,processes,cnc-milling,/processes/cnc-milling/,cnc-milling,Entity Detail,Entity Detail,Engineer,Process Selection,direct answer,LOW,KEEP (rendered),40,YES
src\content\core\processes\cnc-turning.md,processes,cnc-turning,/processes/cnc-turning/,cnc-turning,Entity Detail,Entity Detail,Engineer,Process Selection,direct answer,LOW,KEEP (rendered),45,YES
src\content\core\processes\dmls-vs-ebm.md,processes,dmls-vs-ebm,/processes/dmls-vs-ebm/,dmls-vs-ebm,Entity Detail,Entity Detail,Engineer,Process Selection,direct answer,LOW,DEEPEN or MERGE,45,YES
src\content\core\processes\dmls.md,processes,dmls,/processes/dmls/,dmls,Entity Detail,Entity Detail,Engineer,Process Selection,direct answer,LOW,KEEP (rendered),45,YES
src\content\core\processes\edm.md,processes,edm,/processes/edm/,edm,Entity Detail,Entity Detail,Engineer,Process Selection,direct answer,LOW,KEEP (rendered),40,YES
src\content\core\processes\hot-isostatic-pressing.md,processes,hot-isostatic-pressing,/processes/hot-isostatic-pressing/,hot-isostatic-pressing,Entity Detail,Entity Detail,Engineer,Process Selection,direct answer,LOW,KEEP (rendered),40,YES
src\content\core\processes\laser-cutting.md,processes,laser-cutting,/processes/laser-cutting/,laser-cutting,Entity Detail,Entity Detail,Engineer,Process Selection,direct answer,LOW,KEEP (rendered),40,YES
src\content\core\processes\titanium-casting.md,processes,titanium-casting,/processes/titanium-casting/,titanium-casting,Entity Detail,Entity Detail,Engineer,Process Selection,direct answer,LOW,DEEPEN or MERGE,45,YES
src\content\core\processes\titanium-forging.md,processes,titanium-forging,/processes/titanium-forging/,titanium-forging,Entity Detail,Entity Detail,Engineer,Process Selection,direct answer,LOW,DEEPEN or MERGE,45,YES
src\content\core\processes\titanium-sheet-metal.md,processes,titanium-sheet-metal,/processes/titanium-sheet-metal/,titanium-sheet-metal,Entity Detail,Entity Detail,Engineer,Process Selection,direct answer,LOW,DEEPEN or MERGE,45,YES
src\content\core\processes\titanium-welding.md,processes,titanium-welding,/processes/titanium-welding/,titanium-welding,Entity Detail,Entity Detail,Engineer,Process Selection,direct answer,LOW,DEEPEN or MERGE,45,YES
src\content\core\processes\waterjet-cutting.md,processes,waterjet-cutting,/processes/waterjet-cutting/,waterjet-cutting,Entity Detail,Entity Detail,Engineer,Process Selection,direct answer,LOW,KEEP (rendered),40,YES
src\content\core\processes\wire-edm.md,processes,wire-edm,/processes/wire-edm/,wire-edm,Entity Detail,Entity Detail,Engineer,Process Selection,direct answer,LOW,KEEP (rendered),45,YES
src\content\core\industries\aerospace-titanium-parts.md,industries,aerospace-titanium-parts,/industries/aerospace-titanium-parts/,aerospace-titanium-parts,Entity Detail,Entity Detail,Engineer,Requirement,direct answer,LOW,KEEP (rendered),35,YES
src\content\core\industries\automotive.md,industries,automotive,/industries/automotive/,automotive,Entity Detail,Entity Detail,Engineer,Requirement,direct answer,LOW,KEEP (rendered),30,YES
src\content\core\industries\chemical-processing.md,industries,chemical-processing,/industries/chemical-processing/,chemical-processing,Entity Detail,Entity Detail,Engineer,Requirement,direct answer,LOW,KEEP (rendered),30,YES
src\content\core\industries\defence.md,industries,defence,/industries/defence/,defence,Entity Detail,Entity Detail,Engineer,Requirement,direct answer,LOW,KEEP (rendered),30,YES
src\content\core\industries\marine.md,industries,marine,/industries/marine/,marine,Entity Detail,Entity Detail,Engineer,Requirement,direct answer,LOW,KEEP (rendered),30,YES
src\content\core\industries\medical-device.md,industries,medical-device,/industries/medical-device/,medical-device,Entity Detail,Entity Detail,Engineer,Requirement,direct answer,LOW,KEEP (rendered),30,YES
src\content\core\industries\oil-and-gas.md,industries,oil-and-gas,/industries/oil-and-gas/,oil-and-gas,Entity Detail,Entity Detail,Engineer,Requirement,direct answer,LOW,KEEP (rendered),30,YES
src\content\core\industries\semiconductor-manufacturing.md,industries,semiconductor-manufacturing,/industries/semiconductor-manufacturing/,semiconductor-manufacturing,Entity Detail,Entity Detail,Engineer,Requirement,direct answer,LOW,KEEP (rendered),30,YES
src\content\core\standards\ams-4911.md,standards,ams-4911,/standards/ams-4911/,ams-4911,Entity Detail,Entity Detail,Engineer,Requirement/Certification,direct answer,LOW,KEEP (rendered),30,YES
src\content\core\standards\ams-4928.md,standards,ams-4928,/standards/ams-4928/,ams-4928,Entity Detail,Entity Detail,Engineer,Requirement/Certification,direct answer,LOW,KEEP (rendered),30,YES
src\content\core\standards\ams-4965.md,standards,ams-4965,/standards/ams-4965/,ams-4965,Entity Detail,Entity Detail,Engineer,Requirement/Certification,direct answer,LOW,KEEP (rendered),30,YES
src\content\core\standards\as9100d.md,standards,as9100d,/standards/as9100d/,as9100d,Entity Detail,Entity Detail,Engineer,Requirement/Certification,direct answer,LOW,KEEP (rendered),50,YES
src\content\core\standards\astm-b265.md,standards,astm-b265,/standards/astm-b265/,astm-b265,Entity Detail,Entity Detail,Engineer,Requirement/Certification,direct answer,LOW,KEEP (rendered),50,YES
src\content\core\standards\astm-b348.md,standards,astm-b348,/standards/astm-b348/,astm-b348,Entity Detail,Entity Detail,Engineer,Requirement/Certification,direct answer,LOW,KEEP (rendered),50,YES
src\content\core\standards\astm-b381.md,standards,astm-b381,/standards/astm-b381/,astm-b381,Entity Detail,Entity Detail,Engineer,Requirement/Certification,direct answer,LOW,KEEP (rendered),30,YES
src\content\core\standards\astm-f136.md,standards,astm-f136,/standards/astm-f136/,astm-f136,Entity Detail,Entity Detail,Engineer,Requirement/Certification,direct answer,LOW,KEEP (rendered),50,YES
src\content\core\standards\astm-f2066.md,standards,astm-f2066,/standards/astm-f2066/,astm-f2066,Entity Detail,Entity Detail,Engineer,Requirement/Certification,direct answer,LOW,KEEP (rendered),30,YES
src\content\core\standards\iso-13485.md,standards,iso-13485,/standards/iso-13485/,iso-13485,Entity Detail,Entity Detail,Engineer,Requirement/Certification,direct answer,LOW,KEEP (rendered),50,YES
src\content\core\standards\iso-9001.md,standards,iso-9001,/standards/iso-9001/,iso-9001,Entity Detail,Entity Detail,Engineer,Requirement/Certification,direct answer,LOW,KEEP (rendered),30,YES
src\content\core\standards\nadcap.md,standards,nadcap,/standards/nadcap/,nadcap,Entity Detail,Entity Detail,Engineer,Requirement/Certification,direct answer,LOW,KEEP (rendered),30,YES
src\content\core\surface-finishes\bead-blasting.md,surfaceFinishes,bead-blasting,/finishes/bead-blasting/,bead-blasting,Entity Detail,Entity Detail,Engineer,Design/Finishing,direct answer,LOW,KEEP (rendered),40,YES
src\content\core\surface-finishes\chemical-etching.md,surfaceFinishes,chemical-etching,/finishes/chemical-etching/,chemical-etching,Entity Detail,Entity Detail,Engineer,Design/Finishing,direct answer,LOW,KEEP (rendered),30,YES
src\content\core\surface-finishes\electropolishing.md,surfaceFinishes,electropolishing,/finishes/electropolishing/,electropolishing,Entity Detail,Entity Detail,Engineer,Design/Finishing,direct answer,LOW,KEEP (rendered),30,YES
src\content\core\surface-finishes\passivation.md,surfaceFinishes,passivation,/finishes/passivation/,passivation,Entity Detail,Entity Detail,Engineer,Design/Finishing,direct answer,LOW,KEEP (rendered),30,YES
src\content\core\surface-finishes\polishing.md,surfaceFinishes,polishing,/finishes/polishing/,polishing,Entity Detail,Entity Detail,Engineer,Design/Finishing,direct answer,LOW,KEEP (rendered),40,YES
src\content\core\surface-finishes\pvd-coating.md,surfaceFinishes,pvd-coating,/finishes/pvd-coating/,pvd-coating,Entity Detail,Entity Detail,Engineer,Design/Finishing,direct answer,LOW,KEEP (rendered),30,YES
src\content\core\surface-finishes\titanium-anodizing.md,surfaceFinishes,titanium-anodizing,/finishes/titanium-anodizing/,titanium-anodizing,Entity Detail,Entity Detail,Engineer,Design/Finishing,direct answer,LOW,DEEPEN or MERGE,35,YES
src\content\core\material-selection\aerospace-titanium.md,materialSelection,aerospace-titanium,/select/aerospace-titanium/,aerospace-titanium,Engineering Decision,Engineering Decision,Engineer/Designer,Decision,direct answer,HIGH (same-entity overlap),DEEPEN or MERGE,45,YES
src\content\core\material-selection\grade-selection-guide.md,materialSelection,grade-selection-guide,/select/grade-selection-guide/,grade-selection-guide,Engineering Decision,Engineering Decision,Engineer/Designer,Decision,direct answer,HIGH (same-entity overlap),DEEPEN or MERGE,45,YES
src\content\core\material-selection\medical-grade-titanium.md,materialSelection,medical-grade-titanium,/select/medical-grade-titanium/,medical-grade-titanium,Engineering Decision,Engineering Decision,Engineer/Designer,Decision,direct answer,HIGH (same-entity overlap),DEEPEN or MERGE,45,YES
src\content\core\material-selection\titanium-grades-chart.md,materialSelection,titanium-grades-chart,/select/titanium-grades-chart/,titanium-grades-chart,Engineering Decision,Engineering Decision,Engineer/Designer,Decision,direct answer,HIGH (same-entity overlap),DEEPEN or MERGE,45,YES
src\content\core\material-selection\titanium-vs-316-stainless.md,materialSelection,titanium-vs-316-stainless,/select/titanium-vs-316-stainless/,titanium-vs-316-stainless,Engineering Decision,Engineering Decision,Engineer/Designer,Decision,direct answer,HIGH (same-entity overlap),DEEPEN or MERGE,45,YES
src\content\core\material-selection\titanium-vs-aluminum.md,materialSelection,titanium-vs-aluminum,/select/titanium-vs-aluminum/,titanium-vs-aluminum,Engineering Decision,Engineering Decision,Engineer/Designer,Decision,direct answer,HIGH (same-entity overlap),DEEPEN or MERGE,45,YES
src\content\core\material-selection\titanium-vs-carbon-steel.md,materialSelection,titanium-vs-carbon-steel,/select/titanium-vs-carbon-steel/,titanium-vs-carbon-steel,Engineering Decision,Engineering Decision,Engineer/Designer,Decision,direct answer,HIGH (same-entity overlap),DEEPEN or MERGE,45,YES
src\content\core\material-selection\titanium-vs-inconel.md,materialSelection,titanium-vs-inconel,/select/titanium-vs-inconel/,titanium-vs-inconel,Engineering Decision,Engineering Decision,Engineer/Designer,Decision,direct answer,HIGH (same-entity overlap),DEEPEN or MERGE,45,YES
src\content\core\failure-analysis\alpha-case.md,failureAnalysis,alpha-case,/failures/alpha-case/,alpha-case,Entity Detail (Problem),Entity Detail (Problem),Engineer,Problem,direct answer,LOW,DEEPEN or MERGE,45,YES
src\content\core\failure-analysis\fatigue.md,failureAnalysis,fatigue,/failures/fatigue/,fatigue,Entity Detail (Problem),Entity Detail (Problem),Engineer,Problem,direct answer,LOW,DEEPEN or MERGE,45,YES
src\content\core\failure-analysis\hydrogen-embritlement.md,failureAnalysis,hydrogen-embritlement,/failures/hydrogen-embritlement/,hydrogen-embritlement,Entity Detail (Problem),Entity Detail (Problem),Engineer,Problem,direct answer,LOW,DEEPEN or MERGE,45,YES
src\content\core\failure-analysis\machining-defects.md,failureAnalysis,machining-defects,/failures/machining-defects/,machining-defects,Entity Detail (Problem),Entity Detail (Problem),Engineer,Problem,direct answer,LOW,DEEPEN or MERGE,45,YES
src\content\core\failure-analysis\overview.md,failureAnalysis,overview,/failures/overview/,overview,Entity Detail (Problem),Entity Detail (Problem),Engineer,Problem,direct answer,LOW,DEEPEN or MERGE,45,YES
src\content\core\failure-analysis\welding-defects.md,failureAnalysis,welding-defects,/failures/welding-defects/,welding-defects,Entity Detail (Problem),Entity Detail (Problem),Engineer,Problem,direct answer,LOW,DEEPEN or MERGE,45,YES
src\content\core\heat-treatment\annealing.md,heatTreatment,annealing,/heat-treatment/annealing/,annealing,Entity Detail,Entity Detail,Engineer,Process Selection,direct answer,LOW,KEEP (rendered),45,YES
src\content\core\heat-treatment\defects.md,heatTreatment,defects,/heat-treatment/defects/,defects,Entity Detail,Entity Detail,Engineer,Process Selection,direct answer,LOW,DEEPEN or MERGE,45,YES
src\content\core\heat-treatment\grade-guide.md,heatTreatment,grade-guide,/heat-treatment/grade-guide/,grade-guide,Entity Detail,Entity Detail,Engineer,Process Selection,direct answer,LOW,DEEPEN or MERGE,45,YES
src\content\core\heat-treatment\overview.md,heatTreatment,overview,/heat-treatment/overview/,overview,Entity Detail,Entity Detail,Engineer,Process Selection,direct answer,LOW,KEEP (rendered),45,YES
src\content\core\heat-treatment\solution-treatment-aging.md,heatTreatment,solution-treatment-aging,/heat-treatment/solution-treatment-aging/,solution-treatment-aging,Entity Detail,Entity Detail,Engineer,Process Selection,direct answer,LOW,DEEPEN or MERGE,45,YES
src\content\core\heat-treatment\stress-relief.md,heatTreatment,stress-relief,/heat-treatment/stress-relief/,stress-relief,Entity Detail,Entity Detail,Engineer,Process Selection,direct answer,LOW,DEEPEN or MERGE,45,YES
src\content\core\corrosion\acid-resistance.md,corrosion,acid-resistance,/corrosion/acid-resistance/,acid-resistance,Entity Detail (Problem),Entity Detail (Problem),Engineer,Problem,direct answer,LOW,DEEPEN or MERGE,45,YES
src\content\core\corrosion\chloride-scc.md,corrosion,chloride-scc,/corrosion/chloride-scc/,chloride-scc,Entity Detail (Problem),Entity Detail (Problem),Engineer,Problem,direct answer,LOW,DEEPEN or MERGE,35,YES
src\content\core\corrosion\galvanic.md,corrosion,galvanic,/corrosion/galvanic/,galvanic,Entity Detail (Problem),Entity Detail (Problem),Engineer,Problem,direct answer,LOW,DEEPEN or MERGE,45,YES
src\content\core\corrosion\overview.md,corrosion,overview,/corrosion/overview/,overview,Entity Detail (Problem),Entity Detail (Problem),Engineer,Problem,direct answer,LOW,DEEPEN or MERGE,45,YES
src\content\core\corrosion\prevention.md,corrosion,prevention,/corrosion/prevention/,prevention,Entity Detail (Problem),Entity Detail (Problem),Engineer,Problem,direct answer,LOW,DEEPEN or MERGE,45,YES
src\content\core\corrosion\seawater.md,corrosion,seawater,/corrosion/seawater/,seawater,Entity Detail (Problem),Entity Detail (Problem),Engineer,Problem,direct answer,LOW,DEEPEN or MERGE,45,YES
src\content\derived\evidence\5-axis-machining-data.md,evidence,5-axis-machining-data,/evidence/5-axis-machining-data/,5-axis-machining-data,Evidence,Evidence,Engineer,Decision/Verification,reference,LOW,WIRE (add route + render),30,NO
src\content\derived\evidence\5-axis-tolerances.md,evidence,5-axis-tolerances,/evidence/5-axis-tolerances/,5-axis-tolerances,Evidence,Evidence,Engineer,Decision/Verification,quantitative data,LOW,WIRE (add route + render),80,NO
src\content\derived\evidence\bead-blasting-surface-roughness.md,evidence,bead-blasting-surface-roughness,/evidence/bead-blasting-surface-roughness/,bead-blasting-surface-roughness,Evidence,Evidence,Engineer,Decision/Verification,quantitative data,LOW,WIRE (add route + render),80,NO
src\content\derived\evidence\cnc-turning-parameters.md,evidence,cnc-turning-parameters,/evidence/cnc-turning-parameters/,cnc-turning-parameters,Evidence,Evidence,Engineer,Decision/Verification,reference,LOW,WIRE (add route + render),30,NO
src\content\derived\evidence\dmls-parameters.md,evidence,dmls-parameters,/evidence/dmls-parameters/,dmls-parameters,Evidence,Evidence,Engineer,Decision/Verification,reference,LOW,WIRE (add route + render),30,NO
src\content\derived\evidence\grade-1-properties.md,evidence,grade-1-properties,/evidence/grade-1-properties/,grade-1-properties,Evidence,Evidence,Engineer,Decision/Verification,reference,LOW,WIRE (thin - deepen then render),30,NO
src\content\derived\evidence\grade-12-properties.md,evidence,grade-12-properties,/evidence/grade-12-properties/,grade-12-properties,Evidence,Evidence,Engineer,Decision/Verification,reference,LOW,WIRE (thin - deepen then render),30,NO
src\content\derived\evidence\grade-2-properties.md,evidence,grade-2-properties,/evidence/grade-2-properties/,grade-2-properties,Evidence,Evidence,Engineer,Decision/Verification,reference,LOW,WIRE (add route + render),30,NO
src\content\derived\evidence\grade-23-material-properties.md,evidence,grade-23-material-properties,/evidence/grade-23-material-properties/,grade-23-material-properties,Evidence,Evidence,Engineer,Decision/Verification,quantitative data,LOW,WIRE (add route + render),80,NO
src\content\derived\evidence\grade-3-properties.md,evidence,grade-3-properties,/evidence/grade-3-properties/,grade-3-properties,Evidence,Evidence,Engineer,Decision/Verification,reference,LOW,WIRE (thin - deepen then render),30,NO
src\content\derived\evidence\grade-4-properties.md,evidence,grade-4-properties,/evidence/grade-4-properties/,grade-4-properties,Evidence,Evidence,Engineer,Decision/Verification,reference,LOW,WIRE (thin - deepen then render),30,NO
src\content\derived\evidence\grade-5-milling-parameters.md,evidence,grade-5-milling-parameters,/evidence/grade-5-milling-parameters/,grade-5-milling-parameters,Evidence,Evidence,Engineer,Decision/Verification,quantitative data,LOW,WIRE (add route + render),80,NO
src\content\derived\evidence\grade-5-milling-roughing-data.md,evidence,grade-5-milling-roughing-data,/evidence/grade-5-milling-roughing-data/,grade-5-milling-roughing-data,Evidence,Evidence,Engineer,Decision/Verification,reference,LOW,WIRE (add route + render),30,NO
src\content\derived\evidence\grade-5-turning-parameters.md,evidence,grade-5-turning-parameters,/evidence/grade-5-turning-parameters/,grade-5-turning-parameters,Evidence,Evidence,Engineer,Decision/Verification,reference,LOW,WIRE (add route + render),30,NO
src\content\derived\evidence\grade-7-properties.md,evidence,grade-7-properties,/evidence/grade-7-properties/,grade-7-properties,Evidence,Evidence,Engineer,Decision/Verification,reference,LOW,WIRE (thin - deepen then render),30,NO
src\content\derived\evidence\grade-9-properties.md,evidence,grade-9-properties,/evidence/grade-9-properties/,grade-9-properties,Evidence,Evidence,Engineer,Decision/Verification,reference,LOW,WIRE (add route + render),30,NO
src\content\derived\evidence\machining-tolerances.md,evidence,machining-tolerances,/evidence/machining-tolerances/,machining-tolerances,Evidence,Evidence,Engineer,Decision/Verification,reference,LOW,WIRE (add route + render),30,NO
src\content\derived\evidence\surface-finish-comparison.md,evidence,surface-finish-comparison,/evidence/surface-finish-comparison/,surface-finish-comparison,Evidence,Evidence,Engineer,Decision/Verification,reference,LOW,WIRE (add route + render),30,NO
src\content\derived\evidence\ti-10-2-3-properties.md,evidence,ti-10-2-3-properties,/evidence/ti-10-2-3-properties/,ti-10-2-3-properties,Evidence,Evidence,Engineer,Decision/Verification,reference,LOW,WIRE (thin - deepen then render),30,NO
src\content\derived\evidence\ti-6al-4v-hardness-data.md,evidence,ti-6al-4v-hardness-data,/evidence/ti-6al-4v-hardness-data/,ti-6al-4v-hardness-data,Evidence,Evidence,Engineer,Decision/Verification,reference,LOW,WIRE (add route + render),30,NO
src\content\derived\evidence\ti-6al-4v-material-properties.md,evidence,ti-6al-4v-material-properties,/evidence/ti-6al-4v-material-properties/,ti-6al-4v-material-properties,Evidence,Evidence,Engineer,Decision/Verification,quantitative data,LOW,WIRE (add route + render),80,NO
src\content\derived\evidence\titanium-anodizing-properties.md,evidence,titanium-anodizing-properties,/evidence/titanium-anodizing-properties/,titanium-anodizing-properties,Evidence,Evidence,Engineer,Decision/Verification,reference,LOW,WIRE (add route + render),30,NO
src\content\derived\evidence\titanium-corrosion-data.md,evidence,titanium-corrosion-data,/evidence/titanium-corrosion-data/,titanium-corrosion-data,Evidence,Evidence,Engineer,Decision/Verification,reference,LOW,WIRE (add route + render),30,NO
src\content\derived\evidence\titanium-cost-data.md,evidence,titanium-cost-data,/evidence/titanium-cost-data/,titanium-cost-data,Evidence,Evidence,Engineer,Decision/Verification,reference,LOW,WIRE (add route + render),30,NO
src\content\derived\evidence\titanium-drilling-data.md,evidence,titanium-drilling-data,/evidence/titanium-drilling-data/,titanium-drilling-data,Evidence,Evidence,Engineer,Decision/Verification,reference,LOW,WIRE (add route + render),30,NO
src\content\derived\evidence\titanium-fatigue-data.md,evidence,titanium-fatigue-data,/evidence/titanium-fatigue-data/,titanium-fatigue-data,Evidence,Evidence,Engineer,Decision/Verification,reference,LOW,WIRE (add route + render),30,NO
src\content\derived\evidence\titanium-inspection-data.md,evidence,titanium-inspection-data,/evidence/titanium-inspection-data/,titanium-inspection-data,Evidence,Evidence,Engineer,Decision/Verification,reference,LOW,WIRE (add route + render),30,NO
src\content\derived\evidence\titanium-surface-roughness-standards.md,evidence,titanium-surface-roughness-standards,/evidence/titanium-surface-roughness-standards/,titanium-surface-roughness-standards,Evidence,Evidence,Engineer,Decision/Verification,reference,LOW,WIRE (add route + render),30,NO
src\content\derived\evidence\titanium-welding-data.md,evidence,titanium-welding-data,/evidence/titanium-welding-data/,titanium-welding-data,Evidence,Evidence,Engineer,Decision/Verification,reference,LOW,WIRE (add route + render),30,NO
src\content\derived\evidence\wire-edm-parameters.md,evidence,wire-edm-parameters,/evidence/wire-edm-parameters/,wire-edm-parameters,Evidence,Evidence,Engineer,Decision/Verification,reference,LOW,WIRE (add route + render),30,NO
src\content\derived\comparisons\5-axis-vs-3-axis-machining.md,comparisons,5-axis-vs-3-axis-machining,/compare/5-axis-vs-3-axis-machining/,5-axis-vs-3-axis-machining,Comparison,Comparison,Engineer,Decision,reference,HIGH (same-entity overlap),KEEP (rendered),30,YES
src\content\derived\comparisons\anodizing-vs-passivation.md,comparisons,anodizing-vs-passivation,/compare/anodizing-vs-passivation/,anodizing-vs-passivation,Comparison,Comparison,Engineer,Decision,reference,HIGH (same-entity overlap),KEEP (rendered),30,YES
src\content\derived\comparisons\cnc-machining-vs-dmls.md,comparisons,cnc-machining-vs-dmls,/compare/cnc-machining-vs-dmls/,cnc-machining-vs-dmls,Comparison,Comparison,Engineer,Decision,direct answer,HIGH (same-entity overlap),KEEP (rendered),45,YES
src\content\derived\comparisons\cp-titanium-vs-alloy-titanium.md,comparisons,cp-titanium-vs-alloy-titanium,/compare/cp-titanium-vs-alloy-titanium/,cp-titanium-vs-alloy-titanium,Comparison,Comparison,Engineer,Decision,reference,HIGH (same-entity overlap),KEEP (rendered),30,YES
src\content\derived\comparisons\grade-2-vs-grade-5.md,comparisons,grade-2-vs-grade-5,/compare/grade-2-vs-grade-5/,grade-2-vs-grade-5,Comparison,Comparison,Engineer,Decision,direct answer,HIGH (same-entity overlap),KEEP (rendered),40,YES
src\content\derived\comparisons\grade-2-vs-grade-9.md,comparisons,grade-2-vs-grade-9,/compare/grade-2-vs-grade-9/,grade-2-vs-grade-9,Comparison,Comparison,Engineer,Decision,reference,HIGH (same-entity overlap),KEEP (rendered),30,YES
src\content\derived\comparisons\grade-5-vs-grade-23.md,comparisons,grade-5-vs-grade-23,/compare/grade-5-vs-grade-23/,grade-5-vs-grade-23,Comparison,Comparison,Engineer,Decision,direct answer,HIGH (same-entity overlap),KEEP (rendered),55,YES
src\content\derived\comparisons\grade-5-vs-stainless-304.md,comparisons,grade-5-vs-stainless-304,/compare/grade-5-vs-stainless-304/,grade-5-vs-stainless-304,Comparison,Comparison,Engineer,Decision,reference,HIGH (same-entity overlap),KEEP (rendered),30,YES
src\content\derived\comparisons\grade-5-vs-ti-6242.md,comparisons,grade-5-vs-ti-6242,/compare/grade-5-vs-ti-6242/,grade-5-vs-ti-6242,Comparison,Comparison,Engineer,Decision,reference,HIGH (same-entity overlap),KEEP (rendered),30,YES
src\content\derived\comparisons\grade-9-vs-grade-5.md,comparisons,grade-9-vs-grade-5,/compare/grade-9-vs-grade-5/,grade-9-vs-grade-5,Comparison,Comparison,Engineer,Decision,reference,HIGH (same-entity overlap),KEEP (rendered),30,YES
src\content\derived\comparisons\titanium-vs-aluminum.md,comparisons,titanium-vs-aluminum,/compare/titanium-vs-aluminum/,titanium-vs-aluminum,Comparison,Comparison,Engineer,Decision,reference,HIGH (same-entity overlap),KEEP (rendered),30,YES
src\content\derived\comparisons\titanium-vs-carbon-fiber.md,comparisons,titanium-vs-carbon-fiber,/compare/titanium-vs-carbon-fiber/,titanium-vs-carbon-fiber,Comparison,Comparison,Engineer,Decision,reference,HIGH (same-entity overlap),KEEP (rendered),30,YES
src\content\derived\comparisons\titanium-vs-inconel-718.md,comparisons,titanium-vs-inconel-718,/compare/titanium-vs-inconel-718/,titanium-vs-inconel-718,Comparison,Comparison,Engineer,Decision,direct answer,HIGH (same-entity overlap),KEEP (rendered),50,YES
src\content\derived\comparisons\titanium-vs-stainless-316l.md,comparisons,titanium-vs-stainless-316l,/compare/titanium-vs-stainless-316l/,titanium-vs-stainless-316l,Comparison,Comparison,Engineer,Decision,reference,HIGH (same-entity overlap),KEEP (rendered),30,YES
src\content\derived\comparisons\vacuum-vs-atmosphere-heat-treat.md,comparisons,vacuum-vs-atmosphere-heat-treat,/compare/vacuum-vs-atmosphere-heat-treat/,vacuum-vs-atmosphere-heat-treat,Comparison,Comparison,Engineer,Decision,reference,HIGH (same-entity overlap),KEEP (rendered),30,YES
src\content\derived\comparisons\wire-edm-vs-laser-cutting.md,comparisons,wire-edm-vs-laser-cutting,/compare/wire-edm-vs-laser-cutting/,wire-edm-vs-laser-cutting,Comparison,Comparison,Engineer,Decision,reference,HIGH (same-entity overlap),KEEP (rendered),30,YES
src\content\derived\procurement\as9100d-documentation.md,procurement,as9100d-documentation,/procurement/as9100d-documentation/,as9100d-documentation,Procurement,Procurement,Procurement,Procurement,direct answer,LOW,WIRE (thin - deepen then render),30,NO
src\content\derived\procurement\cad-file-requirements.md,procurement,cad-file-requirements,/procurement/cad-file-requirements/,cad-file-requirements,Procurement,Procurement,Procurement,Procurement,direct answer,LOW,WIRE (thin - deepen then render),30,NO
src\content\derived\procurement\cmm-inspection.md,procurement,cmm-inspection,/procurement/cmm-inspection/,cmm-inspection,Procurement,Procurement,Procurement,Procurement,direct answer,LOW,WIRE (thin - deepen then render),30,NO
src\content\derived\procurement\coa-vs-coc.md,procurement,coa-vs-coc,/procurement/coa-vs-coc/,coa-vs-coc,Procurement,Procurement,Procurement,Procurement,direct answer,LOW,WIRE (thin - deepen then render),30,NO
src\content\derived\procurement\drawing-best-practices.md,procurement,drawing-best-practices,/procurement/drawing-best-practices/,drawing-best-practices,Procurement,Procurement,Procurement,Procurement,direct answer,LOW,WIRE (thin - deepen then render),30,NO
src\content\derived\procurement\export-packaging.md,procurement,export-packaging,/procurement/export-packaging/,export-packaging,Procurement,Procurement,Procurement,Procurement,direct answer,LOW,WIRE (thin - deepen then render),30,NO
src\content\derived\procurement\fai-guide.md,procurement,fai-guide,/procurement/fai-guide/,fai-guide,Procurement,Procurement,Procurement,Procurement,direct answer,LOW,WIRE (thin - deepen then render),30,NO
src\content\derived\procurement\how-to-submit-rfq.md,procurement,how-to-submit-rfq,/procurement/how-to-submit-rfq/,how-to-submit-rfq,Procurement,Procurement,Procurement,Procurement,direct answer,LOW,WIRE (thin - deepen then render),30,NO
src\content\derived\procurement\incoterms-guide.md,procurement,incoterms-guide,/procurement/incoterms-guide/,incoterms-guide,Procurement,Procurement,Procurement,Procurement,direct answer,LOW,WIRE (thin - deepen then render),30,NO
src\content\derived\procurement\inspection-report-guide.md,procurement,inspection-report-guide,/procurement/inspection-report-guide/,inspection-report-guide,Procurement,Procurement,Procurement,Procurement,direct answer,LOW,WIRE (thin - deepen then render),30,NO
src\content\derived\procurement\material-certification-guide.md,procurement,material-certification-guide,/procurement/material-certification-guide/,material-certification-guide,Procurement,Procurement,Procurement,Procurement,direct answer,LOW,WIRE (thin - deepen then render),30,NO
src\content\derived\procurement\mill-test-report-guide.md,procurement,mill-test-report-guide,/procurement/mill-test-report-guide/,mill-test-report-guide,Procurement,Procurement,Procurement,Procurement,direct answer,LOW,WIRE (thin - deepen then render),30,NO
src\content\derived\procurement\moq-for-titanium-parts.md,procurement,moq-for-titanium-parts,/procurement/moq-for-titanium-parts/,moq-for-titanium-parts,Procurement,Procurement,Procurement,Procurement,direct answer,LOW,WIRE (thin - deepen then render),30,NO
src\content\derived\procurement\payment-terms.md,procurement,payment-terms,/procurement/payment-terms/,payment-terms,Procurement,Procurement,Procurement,Procurement,direct answer,LOW,WIRE (thin - deepen then render),30,NO
src\content\derived\procurement\ppap-for-titanium-parts.md,procurement,ppap-for-titanium-parts,/procurement/ppap-for-titanium-parts/,ppap-for-titanium-parts,Procurement,Procurement,Procurement,Procurement,direct answer,LOW,WIRE (thin - deepen then render),30,NO
src\content\derived\procurement\production-lead-time.md,procurement,production-lead-time,/procurement/production-lead-time/,production-lead-time,Procurement,Procurement,Procurement,Procurement,direct answer,LOW,WIRE (thin - deepen then render),30,NO
src\content\derived\procurement\prototype-lead-time.md,procurement,prototype-lead-time,/procurement/prototype-lead-time/,prototype-lead-time,Procurement,Procurement,Procurement,Procurement,direct answer,LOW,WIRE (thin - deepen then render),30,NO
src\content\derived\procurement\rfq-checklist.md,procurement,rfq-checklist,/procurement/rfq-checklist/,rfq-checklist,Procurement,Procurement,Procurement,Procurement,direct answer,LOW,WIRE (thin - deepen then render),40,NO
src\content\derived\procurement\risk-management.md,procurement,risk-management,/procurement/risk-management/,risk-management,Procurement,Procurement,Procurement,Procurement,direct answer,LOW,WIRE (thin - deepen then render),30,NO
src\content\derived\procurement\supplier-qualification.md,procurement,supplier-qualification,/procurement/supplier-qualification/,supplier-qualification,Procurement,Procurement,Procurement,Procurement,direct answer,LOW,WIRE (thin - deepen then render),30,NO
src\content\derived\procurement\titanium-bar-stock-guide.md,procurement,titanium-bar-stock-guide,/procurement/titanium-bar-stock-guide/,titanium-bar-stock-guide,Procurement,Procurement,Procurement,Procurement,reference,LOW,WIRE (add route + render),20,NO
src\content\derived\procurement\titanium-cnc-lead-time.md,procurement,titanium-cnc-lead-time,/procurement/titanium-cnc-lead-time/,titanium-cnc-lead-time,Procurement,Procurement,Procurement,Procurement,direct answer,LOW,WIRE (thin - deepen then render),30,NO
src\content\derived\procurement\titanium-forging-guide.md,procurement,titanium-forging-guide,/procurement/titanium-forging-guide/,titanium-forging-guide,Procurement,Procurement,Procurement,Procurement,reference,LOW,WIRE (add route + render),20,NO
src\content\derived\procurement\titanium-plate-stock-guide.md,procurement,titanium-plate-stock-guide,/procurement/titanium-plate-stock-guide/,titanium-plate-stock-guide,Procurement,Procurement,Procurement,Procurement,reference,LOW,WIRE (add route + render),20,NO
src\content\derived\procurement\titanium-tube-specifications.md,procurement,titanium-tube-specifications,/procurement/titanium-tube-specifications/,titanium-tube-specifications,Procurement,Procurement,Procurement,Procurement,reference,LOW,WIRE (add route + render),20,NO
src\content\derived\guides\anodizing-guide.md,guides,anodizing-guide,/guides/anodizing-guide/,anodizing-guide,Guide,Guide,Engineer,Design/Process,reference,LOW,KEEP (rendered),20,YES
src\content\derived\guides\dfm-titanium-guide.md,guides,dfm-titanium-guide,/guides/dfm-titanium-guide/,dfm-titanium-guide,Guide,Guide,Engineer,Design/Process,reference,LOW,KEEP (rendered),20,YES
src\content\derived\guides\grade-2-guide.md,guides,grade-2-guide,/guides/grade-2-guide/,grade-2-guide,Guide,Guide,Engineer,Design/Process,reference,LOW,KEEP (rendered),20,YES
src\content\derived\guides\grade-23-guide.md,guides,grade-23-guide,/guides/grade-23-guide/,grade-23-guide,Guide,Guide,Engineer,Design/Process,reference,LOW,KEEP (rendered),20,YES
src\content\derived\guides\grade-5-guide.md,guides,grade-5-guide,/guides/grade-5-guide/,grade-5-guide,Guide,Guide,Engineer,Design/Process,reference,LOW,KEEP (rendered),20,YES
src\content\derived\guides\grade-selection-guide.md,guides,grade-selection-guide,/guides/grade-selection-guide/,grade-selection-guide,Guide,Guide,Engineer,Design/Process,reference,LOW,KEEP (rendered),20,YES
src\content\derived\guides\procurement-guide.md,guides,procurement-guide,/guides/procurement-guide/,procurement-guide,Guide,Guide,Engineer,Design/Process,reference,LOW,KEEP (rendered),20,YES
src\content\derived\guides\surface-finish-guide.md,guides,surface-finish-guide,/guides/surface-finish-guide/,surface-finish-guide,Guide,Guide,Engineer,Design/Process,reference,LOW,KEEP (rendered),20,YES
src\content\derived\guides\titanium-heat-treatment-guide.md,guides,titanium-heat-treatment-guide,/guides/titanium-heat-treatment-guide/,titanium-heat-treatment-guide,Guide,Guide,Engineer,Design/Process,reference,LOW,KEEP (rendered),20,YES
src\content\derived\guides\titanium-machining-cost-reduction.md,guides,titanium-machining-cost-reduction,/guides/titanium-machining-cost-reduction/,titanium-machining-cost-reduction,Guide,Guide,Engineer,Design/Process,reference,LOW,KEEP (rendered),20,YES
src\content\derived\guides\welding-titanium-guide.md,guides,welding-titanium-guide,/guides/welding-titanium-guide/,welding-titanium-guide,Guide,Guide,Engineer,Design/Process,reference,LOW,KEEP (rendered),20,YES
src\content\derived\cases\5-axis-structural-bracket.md,cases,5-axis-structural-bracket,/cases/5-axis-structural-bracket/,5-axis-structural-bracket,Evidence (CaseStudy),Evidence (CaseStudy),Engineer,Evidence,reference,LOW,WIRE (thin - deepen then render),25,NO
src\content\derived\cases\aerospace-bracket-case.md,cases,aerospace-bracket-case,/cases/aerospace-bracket-case/,aerospace-bracket-case,Evidence (CaseStudy),Evidence (CaseStudy),Engineer,Evidence,reference,LOW,WIRE (add route + render),20,NO
src\content\derived\cases\aerospace-thin-wall-housing.md,cases,aerospace-thin-wall-housing,/cases/aerospace-thin-wall-housing/,aerospace-thin-wall-housing,Evidence (CaseStudy),Evidence (CaseStudy),Engineer,Evidence,reference,LOW,WIRE (thin - deepen then render),25,NO
src\content\derived\cases\complex-5-axis-titanium-bracket.md,cases,complex-5-axis-titanium-bracket,/cases/complex-5-axis-titanium-bracket/,complex-5-axis-titanium-bracket,Evidence (CaseStudy),Evidence (CaseStudy),Engineer,Evidence,reference,LOW,WIRE (thin - deepen then render),25,NO
src\content\derived\cases\grade-23-orthopedic-component.md,cases,grade-23-orthopedic-component,/cases/grade-23-orthopedic-component/,grade-23-orthopedic-component,Evidence (CaseStudy),Evidence (CaseStudy),Engineer,Evidence,reference,LOW,WIRE (thin - deepen then render),25,NO
src\content\derived\cases\medical-fixture.md,cases,medical-fixture,/cases/medical-fixture/,medical-fixture,Evidence (CaseStudy),Evidence (CaseStudy),Engineer,Evidence,reference,LOW,WIRE (thin - deepen then render),25,NO
src\content\derived\cases\medical-implant-dmls-case.md,cases,medical-implant-dmls-case,/cases/medical-implant-dmls-case/,medical-implant-dmls-case,Evidence (CaseStudy),Evidence (CaseStudy),Engineer,Evidence,reference,LOW,WIRE (add route + render),20,NO
src\content\derived\cases\medical-implant-fixture.md,cases,medical-implant-fixture,/cases/medical-implant-fixture/,medical-implant-fixture,Evidence (CaseStudy),Evidence (CaseStudy),Engineer,Evidence,reference,LOW,WIRE (thin - deepen then render),25,NO
src\content\derived\cases\medical-instrument-case.md,cases,medical-instrument-case,/cases/medical-instrument-case/,medical-instrument-case,Evidence (CaseStudy),Evidence (CaseStudy),Engineer,Evidence,reference,LOW,WIRE (add route + render),20,NO
src\content\derived\cases\oil-gas-downhole-case.md,cases,oil-gas-downhole-case,/cases/oil-gas-downhole-case/,oil-gas-downhole-case,Evidence (CaseStudy),Evidence (CaseStudy),Engineer,Evidence,reference,LOW,WIRE (add route + render),20,NO
src\content\derived\cases\orthopedic-component.md,cases,orthopedic-component,/cases/orthopedic-component/,orthopedic-component,Evidence (CaseStudy),Evidence (CaseStudy),Engineer,Evidence,reference,LOW,WIRE (thin - deepen then render),25,NO
src\content\derived\cases\semiconductor-chamber-case.md,cases,semiconductor-chamber-case,/cases/semiconductor-chamber-case/,semiconductor-chamber-case,Evidence (CaseStudy),Evidence (CaseStudy),Engineer,Evidence,reference,LOW,WIRE (add route + render),20,NO
src\content\derived\cases\semiconductor-vacuum-component.md,cases,semiconductor-vacuum-component,/cases/semiconductor-vacuum-component/,semiconductor-vacuum-component,Evidence (CaseStudy),Evidence (CaseStudy),Engineer,Evidence,reference,LOW,WIRE (thin - deepen then render),25,NO
src\content\derived\cases\thin-wall-aerospace-housing.md,cases,thin-wall-aerospace-housing,/cases/thin-wall-aerospace-housing/,thin-wall-aerospace-housing,Evidence (CaseStudy),Evidence (CaseStudy),Engineer,Evidence,reference,LOW,WIRE (thin - deepen then render),25,NO
src\content\derived\cases\titanium-exhaust-system.md,cases,titanium-exhaust-system,/cases/titanium-exhaust-system/,titanium-exhaust-system,Evidence (CaseStudy),Evidence (CaseStudy),Engineer,Evidence,reference,LOW,WIRE (add route + render),20,NO
src\content\applications\aerospace-structural.md,applications,aerospace-structural,/applications/aerospace-structural/,aerospace-structural,Entity Detail (Application),Entity Detail (Application),Engineer,Requirement,reference,LOW,WIRE (add route + render),30,NO
src\content\applications\industrial-components.md,applications,industrial-components,/applications/industrial-components/,industrial-components,Entity Detail (Application),Entity Detail (Application),Engineer,Requirement,reference,LOW,WIRE (add route + render),30,NO
src\content\applications\medical-implants.md,applications,medical-implants,/applications/medical-implants/,medical-implants,Entity Detail (Application),Entity Detail (Application),Engineer,Requirement,reference,LOW,WIRE (add route + render),30,NO
src\content\applications\semiconductor-vacuum.md,applications,semiconductor-vacuum,/applications/semiconductor-vacuum/,semiconductor-vacuum,Entity Detail (Application),Entity Detail (Application),Engineer,Requirement,reference,LOW,WIRE (add route + render),30,NO
src\content\site\blog\getting-started.md,blog,getting-started,/blog/getting-started/,getting-started,Guide/Other,Guide/Other,Engineer,Learn,reference,LOW,KEEP (rendered),25,YES
src\content\site\blog\seo-multilingual.md,blog,seo-multilingual,/blog/seo-multilingual/,seo-multilingual,Guide/Other,Guide/Other,Engineer,Learn,reference,LOW,KEEP (rendered),20,YES
src\content\site\blog\welcome.md,blog,welcome,/blog/welcome/,welcome,Guide/Other,Guide/Other,Engineer,Learn,reference,LOW,DEEPEN or MERGE,20,YES
src\content\site\faqs\content.json,faqs,content,/faq/content/,content,Reference,Reference,Engineer,Learn,reference,LOW,DEEPEN or MERGE,20,YES
src\content\site\faqs\customization.json,faqs,customization,/faq/customization/,customization,Reference,Reference,Engineer,Learn,reference,LOW,DEEPEN or MERGE,20,YES