"Category","Title","URL","Slug","Created","SizeBytes"
"Applications","aerospace-structural","https://cametbol.com/knowledge/applications/aerospace-structural/","aerospace-structural","2026-07-19 16:09","1200"
"Applications","industrial-components","https://cametbol.com/knowledge/applications/industrial-components/","industrial-components","2026-07-19 16:09","1173"
"Applications","medical-implants","https://cametbol.com/knowledge/applications/medical-implants/","medical-implants","2026-07-19 16:09","1227"
"Applications","semiconductor-vacuum","https://cametbol.com/knowledge/applications/semiconductor-vacuum/","semiconductor-vacuum","2026-07-19 16:09","1159"
"Cases","aerospace-bracket-case","https://cametbol.com/knowledge/cases/aerospace-bracket-case/","aerospace-bracket-case","2026-07-19 23:54","721"
"Cases","medical-implant-dmls-case","https://cametbol.com/knowledge/cases/medical-implant-dmls-case/","medical-implant-dmls-case","2026-07-19 23:54","713"
"Cases","medical-instrument-case","https://cametbol.com/knowledge/cases/medical-instrument-case/","medical-instrument-case","2026-07-19 23:54","681"
"Cases","oil-gas-downhole-case","https://cametbol.com/knowledge/cases/oil-gas-downhole-case/","oil-gas-downhole-case","2026-07-19 23:54","662"
"Cases","semiconductor-chamber-case","https://cametbol.com/knowledge/cases/semiconductor-chamber-case/","semiconductor-chamber-case","2026-07-19 23:54","711"
"Cases","titanium-exhaust-system","https://cametbol.com/knowledge/cases/titanium-exhaust-system/","titanium-exhaust-system","2026-07-19 23:54","707"
"Comparisons","cp-titanium-vs-alloy-titanium","https://cametbol.com/compare/cp-titanium-vs-alloy-titanium/","cp-titanium-vs-alloy-titanium","2026-07-20 00:06","738"
"Comparisons","dmls-vs-cnc-machining","https://cametbol.com/compare/dmls-vs-cnc-machining/","dmls-vs-cnc-machining","2026-07-19 23:48","742"
"Comparisons","grade-23-vs-grade-5","https://cametbol.com/compare/grade-23-vs-grade-5/","grade-23-vs-grade-5","2026-07-19 23:48","745"
"Comparisons","grade-2-vs-grade-5","https://cametbol.com/compare/grade-2-vs-grade-5/","grade-2-vs-grade-5","2026-07-19 23:48","1148"
"Comparisons","grade-2-vs-grade-9","https://cametbol.com/compare/grade-2-vs-grade-9/","grade-2-vs-grade-9","2026-07-19 23:48","654"
"Comparisons","grade-5-vs-stainless-304","https://cametbol.com/compare/grade-5-vs-stainless-304/","grade-5-vs-stainless-304","2026-07-20 00:06","668"
"Comparisons","grade-5-vs-ti-6242","https://cametbol.com/compare/grade-5-vs-ti-6242/","grade-5-vs-ti-6242","2026-07-20 00:06","641"
"Comparisons","grade-9-vs-grade-5","https://cametbol.com/compare/grade-9-vs-grade-5/","grade-9-vs-grade-5","2026-07-19 23:49","726"
"Comparisons","titanium-vs-aluminum","https://cametbol.com/compare/titanium-vs-aluminum/","titanium-vs-aluminum","2026-07-19 23:48","665"
"Comparisons","titanium-vs-carbon-fiber","https://cametbol.com/compare/titanium-vs-carbon-fiber/","titanium-vs-carbon-fiber","2026-07-20 00:06","813"
"Comparisons","vacuum-vs-atmosphere-heat-treat","https://cametbol.com/compare/vacuum-vs-atmosphere-heat-treat/","vacuum-vs-atmosphere-heat-treat","2026-07-20 00:06","694"
"Comparisons","wire-edm-vs-laser-cutting","https://cametbol.com/compare/wire-edm-vs-laser-cutting/","wire-edm-vs-laser-cutting","2026-07-19 23:49","869"
"Equipment","charmilles-wire-edm","https://cametbol.com/knowledge/equipment/charmilles-wire-edm/","charmilles-wire-edm","2026-07-19 23:43","961"
"Equipment","citizen-cincom","https://cametbol.com/knowledge/equipment/citizen-cincom/","citizen-cincom","2026-07-19 23:43","1022"
"Equipment","dmg-mori-dmu","https://cametbol.com/knowledge/equipment/dmg-mori-dmu/","dmg-mori-dmu","2026-07-19 23:43","1493"
"Equipment","eos-m290","https://cametbol.com/knowledge/equipment/eos-m290/","eos-m290","2026-07-19 23:43","968"
"Equipment","haas-vf-series","https://cametbol.com/knowledge/equipment/haas-vf-series/","haas-vf-series","2026-07-19 23:43","1101"
"Equipment","matsuura-mam72","https://cametbol.com/knowledge/equipment/matsuura-mam72/","matsuura-mam72","2026-07-19 23:43","1065"
"Equipment","vacuum-furnace","https://cametbol.com/knowledge/equipment/vacuum-furnace/","vacuum-furnace","2026-07-19 23:43","1046"
"Equipment","zeiss-cmm","https://cametbol.com/knowledge/equipment/zeiss-cmm/","zeiss-cmm","2026-07-19 23:43","954"
"Evidence","5-axis-machining-data","https://cametbol.com/knowledge/evidence/5-axis-machining-data/","5-axis-machining-data","2026-07-19 23:52","876"
"Evidence","cnc-turning-parameters","https://cametbol.com/knowledge/evidence/cnc-turning-parameters/","cnc-turning-parameters","2026-07-19 23:47","774"
"Evidence","dmls-parameters","https://cametbol.com/knowledge/evidence/dmls-parameters/","dmls-parameters","2026-07-19 23:47","786"
"Evidence","grade-12-properties","https://cametbol.com/knowledge/evidence/grade-12-properties/","grade-12-properties","2026-07-20 00:05","395"
"Evidence","grade-1-properties","https://cametbol.com/knowledge/evidence/grade-1-properties/","grade-1-properties","2026-07-20 00:05","498"
"Evidence","grade-2-properties","https://cametbol.com/knowledge/evidence/grade-2-properties/","grade-2-properties","2026-07-19 23:47","796"
"Evidence","grade-3-properties","https://cametbol.com/knowledge/evidence/grade-3-properties/","grade-3-properties","2026-07-20 00:05","414"
"Evidence","grade-4-properties","https://cametbol.com/knowledge/evidence/grade-4-properties/","grade-4-properties","2026-07-20 00:05","414"
"Evidence","grade-5-milling-roughing-data","https://cametbol.com/knowledge/evidence/grade-5-milling-roughing-data/","grade-5-milling-roughing-data","2026-07-19 23:52","691"
"Evidence","grade-5-turning-parameters","https://cametbol.com/knowledge/evidence/grade-5-turning-parameters/","grade-5-turning-parameters","2026-07-19 23:52","759"
"Evidence","grade-7-properties","https://cametbol.com/knowledge/evidence/grade-7-properties/","grade-7-properties","2026-07-20 00:05","397"
"Evidence","grade-9-properties","https://cametbol.com/knowledge/evidence/grade-9-properties/","grade-9-properties","2026-07-19 23:47","655"
"Evidence","machining-tolerances","https://cametbol.com/knowledge/evidence/machining-tolerances/","machining-tolerances","2026-07-19 23:47","1119"
"Evidence","surface-finish-comparison","https://cametbol.com/knowledge/evidence/surface-finish-comparison/","surface-finish-comparison","2026-07-19 23:47","927"
"Evidence","ti-10-2-3-properties","https://cametbol.com/knowledge/evidence/ti-10-2-3-properties/","ti-10-2-3-properties","2026-07-20 00:05","438"
"Evidence","ti-6al-4v-hardness-data","https://cametbol.com/knowledge/evidence/ti-6al-4v-hardness-data/","ti-6al-4v-hardness-data","2026-07-19 23:52","707"
"Evidence","titanium-anodizing-properties","https://cametbol.com/knowledge/evidence/titanium-anodizing-properties/","titanium-anodizing-properties","2026-07-19 23:47","962"
"Evidence","titanium-corrosion-data","https://cametbol.com/knowledge/evidence/titanium-corrosion-data/","titanium-corrosion-data","2026-07-20 00:05","635"
"Evidence","titanium-cost-data","https://cametbol.com/knowledge/evidence/titanium-cost-data/","titanium-cost-data","2026-07-19 23:52","884"
"Evidence","titanium-drilling-data","https://cametbol.com/knowledge/evidence/titanium-drilling-data/","titanium-drilling-data","2026-07-19 23:52","939"
"Evidence","titanium-fatigue-data","https://cametbol.com/knowledge/evidence/titanium-fatigue-data/","titanium-fatigue-data","2026-07-20 00:05","794"
"Evidence","titanium-inspection-data","https://cametbol.com/knowledge/evidence/titanium-inspection-data/","titanium-inspection-data","2026-07-19 23:52","993"
"Evidence","titanium-surface-roughness-standards","https://cametbol.com/knowledge/evidence/titanium-surface-roughness-standards/","titanium-surface-roughness-standards","2026-07-20 00:05","710"
"Evidence","titanium-welding-data","https://cametbol.com/knowledge/evidence/titanium-welding-data/","titanium-welding-data","2026-07-19 23:52","1241"
"Evidence","wire-edm-parameters","https://cametbol.com/knowledge/evidence/wire-edm-parameters/","wire-edm-parameters","2026-07-19 23:47","897"
"Guides","anodizing-guide","https://cametbol.com/guides/anodizing-guide/","anodizing-guide","2026-07-19 23:54","557"
"Guides","dfm-titanium-guide","https://cametbol.com/guides/dfm-titanium-guide/","dfm-titanium-guide","2026-07-19 23:50","689"
"Guides","grade-23-guide","https://cametbol.com/guides/grade-23-guide/","grade-23-guide","2026-07-19 23:50","567"
"Guides","grade-2-guide","https://cametbol.com/guides/grade-2-guide/","grade-2-guide","2026-07-19 23:50","582"
"Guides","grade-5-guide","https://cametbol.com/guides/grade-5-guide/","grade-5-guide","2026-07-19 23:50","577"
"Guides","grade-selection-guide","https://cametbol.com/guides/grade-selection-guide/","grade-selection-guide","2026-07-19 23:54","637"
"Guides","procurement-guide","https://cametbol.com/guides/procurement-guide/","procurement-guide","2026-07-19 23:50","570"
"Guides","surface-finish-guide","https://cametbol.com/guides/surface-finish-guide/","surface-finish-guide","2026-07-19 23:50","483"
"Guides","titanium-heat-treatment-guide","https://cametbol.com/guides/titanium-heat-treatment-guide/","titanium-heat-treatment-guide","2026-07-19 23:54","528"
"Guides","titanium-machining-cost-reduction","https://cametbol.com/guides/titanium-machining-cost-reduction/","titanium-machining-cost-reduction","2026-07-19 23:54","590"
"Guides","welding-titanium-guide","https://cametbol.com/guides/welding-titanium-guide/","welding-titanium-guide","2026-07-19 23:54","602"
"Industries","automotive","https://cametbol.com/knowledge/industries/automotive/","automotive","2026-07-19 23:46","876"
"Industries","chemical-processing","https://cametbol.com/knowledge/industries/chemical-processing/","chemical-processing","2026-07-19 23:46","1077"
"Industries","defence","https://cametbol.com/knowledge/industries/defence/","defence","2026-07-19 23:46","1019"
"Industries","marine","https://cametbol.com/knowledge/industries/marine/","marine","2026-07-19 23:46","1015"
"Industries","medical-device","https://cametbol.com/knowledge/industries/medical-device/","medical-device","2026-07-19 23:45","1123"
"Industries","oil-and-gas","https://cametbol.com/knowledge/industries/oil-and-gas/","oil-and-gas","2026-07-19 23:46","895"
"Industries","semiconductor-manufacturing","https://cametbol.com/knowledge/industries/semiconductor-manufacturing/","semiconductor-manufacturing","2026-07-19 23:45","1021"
"Materials","grade-11-titanium","https://cametbol.com/knowledge/materials/grade-11-titanium/","grade-11-titanium","2026-07-19 23:37","1766"
"Materials","grade-12-titanium","https://cametbol.com/knowledge/materials/grade-12-titanium/","grade-12-titanium","2026-07-19 23:37","1862"
"Materials","grade-1-titanium","https://cametbol.com/knowledge/materials/grade-1-titanium/","grade-1-titanium","2026-07-19 23:36","3030"
"Materials","grade-3-titanium","https://cametbol.com/knowledge/materials/grade-3-titanium/","grade-3-titanium","2026-07-19 23:36","2659"
"Materials","grade-4-titanium","https://cametbol.com/knowledge/materials/grade-4-titanium/","grade-4-titanium","2026-07-19 23:37","2591"
"Materials","grade-7-titanium","https://cametbol.com/knowledge/materials/grade-7-titanium/","grade-7-titanium","2026-07-19 23:37","2240"
"Materials","ti-10v-2fe-3al","https://cametbol.com/knowledge/materials/ti-10v-2fe-3al/","ti-10v-2fe-3al","2026-07-19 23:38","1857"
"Materials","ti-5al-2sn","https://cametbol.com/knowledge/materials/ti-5al-2sn/","ti-5al-2sn","2026-07-19 23:38","1823"
"Materials","ti-6al-2sn-4zr-2mo","https://cametbol.com/knowledge/materials/ti-6al-2sn-4zr-2mo/","ti-6al-2sn-4zr-2mo","2026-07-19 23:37","1886"
"Processes","cnc-milling","https://cametbol.com/knowledge/processes/cnc-milling/","cnc-milling","2026-07-19 23:38","1881"
"Processes","edm","https://cametbol.com/knowledge/processes/edm/","edm","2026-07-19 23:38","1825"
"Processes","heat-treatment","https://cametbol.com/knowledge/processes/heat-treatment/","heat-treatment","2026-07-19 23:40","2021"
"Processes","hot-isostatic-pressing","https://cametbol.com/knowledge/processes/hot-isostatic-pressing/","hot-isostatic-pressing","2026-07-19 23:40","1674"
"Processes","laser-cutting","https://cametbol.com/knowledge/processes/laser-cutting/","laser-cutting","2026-07-19 23:40","1781"
"Processes","waterjet-cutting","https://cametbol.com/knowledge/processes/waterjet-cutting/","waterjet-cutting","2026-07-19 23:40","1696"
"Procurement","titanium-bar-stock-guide","https://cametbol.com/knowledge/procurement/titanium-bar-stock-guide/","titanium-bar-stock-guide","2026-07-19 23:54","566"
"Procurement","titanium-forging-guide","https://cametbol.com/knowledge/procurement/titanium-forging-guide/","titanium-forging-guide","2026-07-19 23:54","681"
"Procurement","titanium-plate-stock-guide","https://cametbol.com/knowledge/procurement/titanium-plate-stock-guide/","titanium-plate-stock-guide","2026-07-19 23:54","530"
"Procurement","titanium-tube-specifications","https://cametbol.com/knowledge/procurement/titanium-tube-specifications/","titanium-tube-specifications","2026-07-19 23:54","544"
"Standards","ams-4911","https://cametbol.com/knowledge/standards/ams-4911/","ams-4911","2026-07-19 23:42","662"
"Standards","ams-4928","https://cametbol.com/knowledge/standards/ams-4928/","ams-4928","2026-07-19 23:41","855"
"Standards","ams-4965","https://cametbol.com/knowledge/standards/ams-4965/","ams-4965","2026-07-19 23:42","660"
"Standards","astm-b381","https://cametbol.com/knowledge/standards/astm-b381/","astm-b381","2026-07-19 23:42","850"
"Standards","astm-f2066","https://cametbol.com/knowledge/standards/astm-f2066/","astm-f2066","2026-07-19 23:42","720"
"Standards","iso-9001","https://cametbol.com/knowledge/standards/iso-9001/","iso-9001","2026-07-19 23:42","725"
"Standards","nadcap","https://cametbol.com/knowledge/standards/nadcap/","nadcap","2026-07-19 23:42","868"
"Surface Finishes","bead-blasting","https://cametbol.com/knowledge/surface-finishes/bead-blasting/","bead-blasting","2026-07-19 23:44","1338"
"Surface Finishes","chemical-etching","https://cametbol.com/knowledge/surface-finishes/chemical-etching/","chemical-etching","2026-07-19 23:44","1170"
"Surface Finishes","electropolishing","https://cametbol.com/knowledge/surface-finishes/electropolishing/","electropolishing","2026-07-19 23:44","1197"
"Surface Finishes","passivation","https://cametbol.com/knowledge/surface-finishes/passivation/","passivation","2026-07-19 23:44","1268"
"Surface Finishes","polishing","https://cametbol.com/knowledge/surface-finishes/polishing/","polishing","2026-07-19 23:44","1166"
"Surface Finishes","pvd-coating","https://cametbol.com/knowledge/surface-finishes/pvd-coating/","pvd-coating","2026-07-19 23:44","1148"
